Site,Plot,Row,Column,Species,C_E_or_T,Rep,Germinate,Done?,Notes
1,A,1,1,TROR,E,1,8,,
1,A,1,2,PLDE,E,1,2,,
1,A,1,3,LARO,E,2,4,,
1,A,1,4,VERO,E,3,7,,
1,A,1,5,HYGL,E,3,0,,
1,A,1,6,TRCY,C,1,0,,
1,A,1,7,PEAI,C,1,6,,
1,A,1,8,PEAI,T,2,10,,
1,A,1,9,PEAI,E,1,1,,
1,A,2,1,ARCA,T,1,6,,
1,A,2,2,PLDE,E,2,1,,
1,A,2,3,LARO,T,2,7,,
1,A,2,4,PLDE,C,1,1,,
1,A,2,5,VERO,C,2,2,,
1,A,2,6,HYGL,C,3,1,,
1,A,2,7,TRCY,E,2,10,,
1,A,2,8,ARCA,C,1,1,,
1,A,2,9,PEAI,E,3,9,,
1,A,3,1,TROR,C,3,1,,
1,A,3,2,VERO,T,2,7,,
1,A,3,3,POLE,E,3,0,,
1,A,3,4,POLE,T,2,0,,
1,A,3,5,HYGL,T,2,0,,
1,A,3,6,TROR,T,2,5,,
1,A,3,7,TRCY,E,3,8,,
1,A,3,8,HYGL,E,2,0,,
1,A,3,9,TROR,T,1,7,,
1,A,4,1,TROR,C,2,0,,
1,A,4,2,PLDE,C,3,5,,
1,A,4,3,POLE,E,1,0,,
1,A,4,4,POLE,T,1,0,,
1,A,4,5,TRCY,C,3,9,,
1,A,4,6,VERO,E,1,2,,
1,A,4,7,LARO,C,3,6,,
1,A,4,8,VERO,C,1,1,,
1,A,4,9,PLDE,T,2,*,,
1,A,5,1,VERO,E,2,1,,
1,A,5,2,TRCY,E,1,9,,
1,A,5,8,POLE,E,2,0,,
1,A,5,9,LARO,C,2,4,,
1,A,6,1,ARCA,C,2,4,,
1,A,6,2,HYGL,E,1,2,,
1,A,6,8,ARCA,T,2,1,,
1,A,6,9,VERO,C,3,1,,
1,A,7,1,HYGL,C,2,0,,
1,A,7,2,HYGL,T,1,0,,
1,A,7,8,ARCA,E,1,5,,
1,A,7,9,ARCA,E,3,2,,
1,A,8,1,PLDE,E,3,2,,
1,A,8,2,PEAI,E,2,7,,
1,A,8,3,ARCA,C,3,2,,
1,A,8,4,ARCA,E,2,8,,
1,A,8,6,LARO,E,1,1,,
1,A,8,7,PEAI,C,3,1,,
1,A,8,8,PLDE,C,2,0,,
1,A,8,9,TROR,E,2,5,,
1,A,9,1,PLDE,T,1,5,,
1,A,9,2,PEAI,T,1,0,,
1,A,9,3,LARO,C,1,2,,
1,A,9,4,POLE,C,2,0,,
1,A,9,6,TRCY,T,2,0,,
1,A,9,7,LARO,E,3,2,,
1,A,9,8,TROR,E,3,1,,
1,A,9,9,TRCY,T,1,14,,
1,A,10,1,LARO,T,1,4,,
1,A,10,2,HYGL,C,1,0,,
1,A,10,3,VERO,T,1,2,,
1,A,10,4,TROR,C,1,7,,
1,A,10,6,TRCY,C,2,10,,
1,A,10,7,PEAI,C,2,0,,
1,A,10,8,POLE,C,3,0,,
1,A,10,9,POLE,C,1,0,,
1,B,1,1,PLDE,T,2,1,,
1,B,1,2,POLE,C,2,0,,
1,B,1,3,TRCY,T,2,0,,
1,B,1,4,TROR,C,1,9,,
1,B,1,5,VERO,T,2,0,,
1,B,1,6,HYGL,E,2,0,,
1,B,1,7,TROR,T,1,1,,
1,B,1,8,ARCA,C,2,2,,
1,B,1,9,HYGL,C,1,1,,
1,B,2,1,VERO,E,3,0,,
1,B,2,2,ARCA,T,1,4,,
1,B,2,3,PLDE,E,2,3,,
1,B,2,4,TRCY,C,3,11,,
1,B,2,5,POLE,E,2,2?,,
1,B,2,6,HYGL,E,3,0,,
1,B,2,7,HYGL,E,1,2,,
1,B,2,8,TROR,C,3,10,,
1,B,2,9,ARCA,E,1,7,,
1,B,3,1,HYGL,T,2,0,,
1,B,3,2,POLE,C,1,0,,
1,B,3,3,PLDE,E,1,8,,
1,B,3,4,PEAI,E,1,7,,
1,B,3,5,LARO,C,3,6,,
1,B,3,6,PEAI,T,1,2,,
1,B,3,7,LARO,E,3,4,,
1,B,3,8,TRCY,C,2,8,,
1,B,3,9,HYGL,C,2,0,,
1,B,4,1,TROR,T,2,6,,
1,B,4,2,HYGL,C,3,2,,
1,B,4,3,TRCY,E,2,5,,
1,B,4,4,ARCA,C,3,1,,
1,B,4,5,TROR,E,3,1,,
1,B,4,6,PEAI,C,1,4,,
1,B,4,7,LARO,C,1,4,,
1,B,4,8,VERO,E,1,1,,
1,B,4,9,PLDE,C,1,9,,
1,B,5,1,TROR,E,1,1,,
1,B,5,2,PLDE,T,1,8,,
1,B,5,8,VERO,E,2,3,,
1,B,5,9,LARO,E,2,8,,
1,B,6,1,PEAI,C,3,0,,
1,B,6,2,HYGL,T,1,0,,
1,B,6,8,LARO,T,1,4,,
1,B,6,9,POLE,E,1,0,,
1,B,7,1,TROR,C,2,3,,
1,B,7,2,TRCY,C,1,10,,
1,B,7,8,POLE,T,2,2,,
1,B,7,9,PEAI,T,2,0,,
1,B,8,1,VERO,C,3,5,,
1,B,8,2,ARCA,T,2,6,,
1,B,8,3,LARO,C,2,7,,
1,B,8,4,TRCY,E,1,14,,
1,B,8,6,ARCA,C,1,0,,
1,B,8,7,ARCA,E,3,1,,
1,B,8,8,ARCA,E,2,7,,
1,B,8,9,POLE,T,1,2,,
1,B,9,1,VERO,T,1,0,,
1,B,9,2,TRCY,E,3,11,,
1,B,9,3,LARO,T,2,4,,
1,B,9,4,PLDE,C,3,1,,
1,B,9,6,VERO,C,2,1,,
1,B,9,7,PLDE,C,2,4,,
1,B,9,8,PEAI,E,2,5,,
1,B,9,9,PLDE,E,3,5,,
1,B,10,1,TROR,E,2,6,,
1,B,10,2,PEAI,C,2,0,,
1,B,10,3,TRCY,T,1,11,,
1,B,10,4,PEAI,E,3,3,,
1,B,10,6,LARO,E,1,9,,
1,B,10,7,POLE,C,3,0,,
1,B,10,8,POLE,E,3,NA,,
1,B,10,9,VERO,C,1,1,,
1,C,1,1,PLDE,C,1,10,,
1,C,1,2,VERO,T,1,10,,
1,C,1,3,PLDE,T,1,7,,
1,C,1,4,LARO,T,2,5,,
1,C,1,5,HYGL,C,3,0,,
1,C,1,6,TROR,C,3,0,,
1,C,1,7,POLE,C,2,0,,
1,C,1,8,LARO,E,1,2,,
1,C,1,9,TRCY,C,3,0,,
1,C,2,1,VERO,T,2,6,,
1,C,2,2,PEAI,C,3,5,,
1,C,2,3,ARCA,E,3,2,,
1,C,2,4,POLE,E,1,1,,
1,C,2,5,TROR,T,1,7,,
1,C,2,6,POLE,T,1,0,,
1,C,2,7,TROR,C,2,3,,
1,C,2,8,PLDE,T,2,0,,
1,C,2,9,TROR,E,3,4,,
1,C,3,1,HYGL,C,1,0,,
1,C,3,2,PEAI,C,1,1,,
1,C,3,3,TRCY,C,2,8,,
1,C,3,4,HYGL,T,2,2,,
1,C,3,5,TROR,E,2,4,,
1,C,3,6,LARO,C,2,1,,
1,C,3,7,PEAI,E,2,1,,
1,C,3,8,PLDE,E,2,5,,
1,C,3,9,POLE,E,2,0,,
1,C,4,1,PLDE,E,3,3,,
1,C,4,2,PLDE,C,2,11,,
1,C,4,3,HYGL,T,1,0,,
1,C,4,4,TRCY,T,1,8,,
1,C,4,5,TROR,C,1,3,,
1,C,4,6,TRCY,E,1,8,,
1,C,4,7,TRCY,C,1,3,,
1,C,4,8,VERO,E,3,1,,
1,C,4,9,LARO,C,3,3,,
1,C,5,1,POLE,C,3,0,,
1,C,5,2,POLE,E,3,0,,
1,C,5,8,ARCA,C,2,1,,
1,C,5,9,HYGL,E,3,4,,
1,C,6,1,ARCA,T,2,1,,
1,C,6,2,VERO,C,3,1,,
1,C,6,8,LARO,C,1,1,,
1,C,6,9,TROR,T,2,2,,
1,C,7,1,PEAI,T,1,0,,
1,C,7,2,POLE,C,1,0,,
1,C,7,8,LARO,E,3,0,,
1,C,7,9,POLE,T,2,0,,
1,C,8,1,PLDE,E,1,1,,
1,C,8,2,ARCA,E,1,2,,
1,C,8,3,LARO,E,2,2,,
1,C,8,4,PEAI,T,2,5,,
1,C,8,6,PLDE,C,3,3,,
1,C,8,7,VERO,E,2,0,,
1,C,8,8,TRCY,T,2,1,,
1,C,8,9,ARCA,T,1,1,,
1,C,9,1,LARO,T,1,4,,
1,C,9,2,ARCA,C,1,3,,
1,C,9,3,TROR,E,1,6,,
1,C,9,4,ARCA,E,2,2,,
1,C,9,6,VERO,E,1,0,,
1,C,9,7,ARCA,C,3,0,,
1,C,9,8,VERO,C,2,1,,
1,C,9,9,HYGL,C,2,7,,
1,C,10,1,PEAI,E,1,0,,
1,C,10,2,PEAI,C,2,3,,
1,C,10,3,VERO,C,1,5,,
1,C,10,4,TRCY,E,3,12,,
1,C,10,6,HYGL,E,1,0,,
1,C,10,7,PEAI,E,3,0,,
1,C,10,8,TRCY,E,2,0,,
1,C,10,9,HYGL,E,2,0,,
2,A,1,1,LARO,T,1,5,,
2,A,1,2,TROR,E,2,1,,
2,A,1,3,ARCA,C,1,9,,
2,A,1,4,LARO,T,2,6,,
2,A,1,5,VERO,T,1,8,,
2,A,1,6,POLE,T,2,0,,
2,A,1,7,POLE,C,1,2,,
2,A,1,8,ARCA,C,2,4,,
2,A,1,9,HYGL,C,3,5,,
2,A,2,1,HYGL,E,1,5,,
2,A,2,2,HYGL,E,3,5,,
2,A,2,3,TROR,T,2,5,,
2,A,2,4,POLE,T,1,0,,
2,A,2,5,TROR,E,3,5,,
2,A,2,6,HYGL,T,2,0,,
2,A,2,7,TROR,T,1,7,,
2,A,2,8,PEAI,T,1,3,,
2,A,2,9,POLE,C,2,0,,
2,A,3,1,PLDE,C,1,4,,
2,A,3,2,LARO,E,1,4,,
2,A,3,3,TRCY,E,2,4,,
2,A,3,4,PEAI,C,3,8,,
2,A,3,5,TRCY,T,2,14,,
2,A,3,6,LARO,C,3,7,,
2,A,3,7,LARO,E,2,8,,
2,A,3,8,PEAI,E,3,4,,
2,A,3,9,TROR,C,3,3,,
2,A,4,1,PLDE,T,1,9,,
2,A,4,2,PEAI,T,2,0,,
2,A,4,3,ARCA,E,1,7,,
2,A,4,4,TROR,C,1,1,,
2,A,4,5,POLE,E,3,0,,
2,A,4,6,TRCY,T,1,9,,
2,A,4,7,PEAI,E,1,2,,
2,A,4,8,ARCA,C,3,2,,
2,A,4,9,HYGL,C,2,3,,
2,A,5,1,HYGL,E,2,3,,
2,A,5,2,ARCA,E,2,4,,
2,A,5,8,PEAI,C,2,7,,
2,A,5,9,PLDE,E,3,0,,
2,A,6,1,LARO,C,1,7,,
2,A,6,2,TRCY,E,3,0,,
2,A,6,8,LARO,E,3,1,,
2,A,6,9,VERO,E,2,10,,
2,A,7,1,TRCY,E,1,2,,
2,A,7,2,ARCA,E,3,4,,
2,A,7,8,PLDE,E,1,10,,
2,A,7,9,VERO,C,2,7,,
2,A,8,1,POLE,E,2,0,,
2,A,8,2,VERO,E,1,10,,
2,A,8,3,ARCA,T,1,1,,
2,A,8,4,PLDE,C,2,1,,
2,A,8,6,PLDE,E,2,6,,
2,A,8,7,VERO,T,2,9,,
2,A,8,8,TROR,C,2,0,,
2,A,8,9,TRCY,C,1,2,,
2,A,9,1,VERO,E,3,7,,
2,A,9,2,POLE,E,1,0,,
2,A,9,3,PLDE,T,2,0,,
2,A,9,4,ARCA,T,2,2,,
2,A,9,6,LARO,C,2,7,,
2,A,9,7,TRCY,C,3,9,,
2,A,9,8,TRCY,C,2,10,,
2,A,9,9,PLDE,C,3,0,,
2,A,10,1,HYGL,T,1,0,,
2,A,10,2,VERO,C,1,9,,
2,A,10,3,TROR,E,1,2,,
2,A,10,4,PEAI,C,1,5,,
2,A,10,6,PEAI,E,2,4,,
2,A,10,7,VERO,C,3,6,,
2,A,10,8,HYGL,C,1,2,,
2,A,10,9,POLE,C,3,1,,
2,B,1,1,TROR,T,2,0,,
2,B,1,2,PEAI,E,2,11,,
2,B,1,3,VERO,E,2,13,,
2,B,1,4,ARCA,T,2,2,,
2,B,1,5,ARCA,E,1,3,,
2,B,1,6,TRCY,T,1,10,,
2,B,1,7,ARCA,C,1,1,,
2,B,1,8,TROR,E,2,1,,
2,B,1,9,TRCY,E,3,0,,
2,B,2,1,ARCA,C,2,0,,
2,B,2,2,TRCY,E,1,4,,
2,B,2,3,LARO,T,1,2,,
2,B,2,4,PLDE,E,3,8,,
2,B,2,5,TRCY,C,2,1,,
2,B,2,6,VERO,E,1,8,,
2,B,2,7,LARO,C,2,6,,
2,B,2,8,TROR,C,1,3,,
2,B,2,9,TRCY,T,2,2,,
2,B,3,1,ARCA,C,3,3,,
2,B,3,2,LARO,C,1,10,,
2,B,3,3,POLE,E,2,0,,
2,B,3,4,LARO,E,2,8,,
2,B,3,5,PEAI,E,1,8,,
2,B,3,6,ARCA,E,2,2,,
2,B,3,7,POLE,T,2,0,,
2,B,3,8,TRCY,C,1,0,,
2,B,3,9,PLDE,C,1,10,,
2,B,4,1,HYGL,E,1,3,,
2,B,4,2,TROR,C,3,1,,
2,B,4,3,ARCA,T,1,0,,
2,B,4,4,PLDE,C,3,0,,
2,B,4,5,LARO,T,2,5,,
2,B,4,6,PEAI,C,1,5,,
2,B,4,7,VERO,T,2,8,,
2,B,4,8,POLE,T,1,2,,
2,B,4,9,TROR,E,1,7,,
2,B,5,1,LARO,C,3,9,,
2,B,5,2,HYGL,C,1,4,,
2,B,5,8,TRCY,C,3,4,,
2,B,5,9,LARO,E,1,4,,
2,B,6,1,TRCY,E,2,6,,
2,B,6,2,VERO,C,3,11,,
2,B,6,8,PEAI,C,2,9,,
2,B,6,9,PEAI,T,1,9,,
2,B,7,1,PLDE,T,2,11,,
2,B,7,2,POLE,E,3,0,,
2,B,7,8,HYGL,C,2,5,,
2,B,7,9,ARCA,E,3,0,,
2,B,8,1,PEAI,C,3,6,,
2,B,8,2,VERO,E,3,13,,
2,B,8,3,TROR,C,2,7,,
2,B,8,4,POLE,C,2,1,,
2,B,8,6,TROR,T,1,0,,
2,B,8,7,VERO,T,1,7,,
2,B,8,8,PLDE,E,2,11,,
2,B,8,9,PLDE,C,2,10,,
2,B,9,1,TROR,E,3,2,,
2,B,9,2,PLDE,T,1,7,,
2,B,9,3,HYGL,C,3,4,,
2,B,9,4,PLDE,E,1,0,,
2,B,9,6,VERO,C,2,10,,
2,B,9,7,VERO,C,1,6,,
2,B,9,8,LARO,E,3,5,,
2,B,9,9,PEAI,E,3,0,,
2,B,10,1,HYGL,T,1,5,,
2,B,10,2,HYGL,E,3,5,,
2,B,10,3,POLE,C,1,5?,,
2,B,10,4,HYGL,E,2,1,,
2,B,10,6,PEAI,T,2,7,,
2,B,10,7,POLE,C,3,0,,
2,B,10,8,POLE,E,1,2,,
2,B,10,9,HYGL,T,2,2,,
2,C,1,1,ARCA,E,1,4,,
2,C,1,2,PLDE,C,2,4,,
2,C,1,3,POLE,C,2,1,,
2,C,1,4,ARCA,E,3,2,,
2,C,1,5,TRCY,T,1,8,,
2,C,1,6,PLDE,C,1,2,,
2,C,1,7,VERO,C,1,2,,
2,C,1,8,PLDE,T,2,9,,
2,C,1,9,POLE,C,1,2,,
2,C,2,1,VERO,E,1,2,,
2,C,2,2,POLE,E,2,0,,
2,C,2,3,HYGL,E,2,1,,
2,C,2,4,VERO,E,3,1,,
2,C,2,5,ARCA,T,1,0,,
2,C,2,6,VERO,C,3,4,,
2,C,2,7,HYGL,E,1,12,,
2,C,2,8,TRCY,E,1,2,,
2,C,2,9,LARO,T,2,3,,
2,C,3,1,TROR,E,2,10,,
2,C,3,2,LARO,E,1,5,,
2,C,3,3,TRCY,E,2,0,,
2,C,3,4,LARO,C,3,3,,
2,C,3,5,PEAI,C,2,6,,
2,C,3,6,VERO,E,2,9,,
2,C,3,7,TROR,T,1,8,,
2,C,3,8,ARCA,C,2,4,,
2,C,3,9,VERO,T,1,7,,
2,C,4,1,LARO,E,2,7,,
2,C,4,2,HYGL,E,3,0,,
2,C,4,3,VERO,C,2,10,,
2,C,4,4,ARCA,C,1,4,,
2,C,4,5,VERO,T,2,8,,
2,C,4,6,TRCY,C,1,8,,
2,C,4,7,LARO,C,1,5,,
2,C,4,8,TRCY,C,3,8,,
2,C,4,9,TROR,C,1,6,,
2,C,5,1,TROR,E,1,11,,
2,C,5,2,HYGL,C,1,4,,
2,C,5,8,TROR,C,3,4,,
2,C,5,9,PEAI,C,1,0,,
2,C,6,1,TRCY,T,2,8,,
2,C,6,2,HYGL,T,2,4,,
2,C,6,8,POLE,E,3,1,,
2,C,6,9,TROR,C,2,2,,
2,C,7,1,LARO,E,3,4,,
2,C,7,2,PLDE,E,3,10,,
2,C,7,8,HYGL,T,1,0,,
2,C,7,9,ARCA,E,2,4,,
2,C,8,1,PEAI,E,2,5,,
2,C,8,2,LARO,T,1,9,,
2,C,8,3,PEAI,E,1,2,,
2,C,8,4,PLDE,T,1,13,,
2,C,8,6,ARCA,T,2,1,,
2,C,8,7,TRCY,E,3,1,,
2,C,8,8,TRCY,C,2,8,,
2,C,8,9,POLE,E,1,1,,
2,C,9,1,PLDE,E,2,5,,
2,C,9,2,ARCA,C,3,4,,
2,C,9,3,POLE,T,1,0,,
2,C,9,4,TROR,T,2,4,,
2,C,9,6,TROR,E,3,4,,
2,C,9,7,PEAI,C,3,6,,
2,C,9,8,PLDE,E,1,5,,
2,C,9,9,PLDE,C,3,9,,
2,C,10,1,POLE,C,3,0,,
2,C,10,2,PEAI,T,2,5,,
2,C,10,3,POLE,T,2,1,,
2,C,10,4,PEAI,E,3,3,,
2,C,10,6,LARO,C,2,5,,
2,C,10,7,HYGL,C,2,1,,
2,C,10,8,PEAI,T,1,0,,
2,C,10,9,HYGL,C,3,0,,
3,A,1,1,LARO,E,2,0,,
3,A,1,2,LARO,C,1,0,,
3,A,1,3,ARCA,C,1,1,,
3,A,1,4,HYGL,C,1,0,,
3,A,1,5,VERO,E,2,4,,
3,A,1,6,PLDE,T,1,4,,
3,A,1,7,HYGL,T,2,4,,
3,A,1,8,POLE,T,2,0,,
3,A,1,9,PEAI,E,1,2,,
3,A,2,1,POLE,E,3,0,,
3,A,2,2,ARCA,C,2,0,,
3,A,2,3,TRCY,C,2,1,,
3,A,2,4,ARCA,T,1,0,,
3,A,2,5,LARO,E,3,5,,
3,A,2,6,PLDE,C,3,0,,
3,A,2,7,PEAI,E,3,5,,
3,A,2,8,HYGL,C,3,0,,
3,A,2,9,TRCY,C,1,4,,
3,A,3,1,POLE,E,2,0,,
3,A,3,2,HYGL,E,1,0,,
3,A,3,3,PEAI,C,2,0,,
3,A,3,4,TRCY,C,3,0,,
3,A,3,5,TRCY,E,1,8,,
3,A,3,6,TROR,C,3,0,,
3,A,3,7,PLDE,T,2,9,,
3,A,3,8,POLE,E,1,0,,
3,A,3,9,HYGL,E,2,0,,
3,A,4,1,VERO,T,2,5,,
3,A,4,2,ARCA,E,1,2,,
3,A,4,3,POLE,C,2,0,,
3,A,4,4,TROR,T,1,1,,
3,A,4,5,TROR,T,2,1,,
3,A,4,6,PEAI,C,3,0,,
3,A,4,7,PLDE,C,2,3,,
3,A,4,8,PEAI,T,2,1,,
3,A,4,9,ARCA,E,2,9,,
3,A,5,1,TROR,E,2,4,,
3,A,5,2,VERO,E,3,1,,
3,A,5,8,TRCY,T,2,2,,
3,A,5,9,TROR,E,3,1,,
3,A,6,1,POLE,C,3,0,,
3,A,6,2,ARCA,T,2,0,,
3,A,6,8,VERO,C,1,0,,
3,A,6,9,PLDE,E,1,6,,
3,A,7,1,VERO,C,3,3,,
3,A,7,2,VERO,T,1,3,,
3,A,7,8,POLE,T,1,0,,
3,A,7,9,PEAI,T,1,0,,
3,A,8,1,LARO,E,1,2,,
3,A,8,2,LARO,T,1,4,,
3,A,8,3,TRCY,E,3,4,,
3,A,8,4,POLE,C,1,0,,
3,A,8,6,HYGL,E,3,0,,
3,A,8,7,PEAI,E,2,0,,
3,A,8,8,LARO,C,3,5,,
3,A,8,9,TRCY,E,2,3,,
3,A,9,1,PEAI,C,1,0,,
3,A,9,2,HYGL,T,1,0,,
3,A,9,3,VERO,C,2,0,,
3,A,9,4,TROR,E,1,1,,
3,A,9,6,LARO,T,2,1,,
3,A,9,7,TROR,C,1,2,,
3,A,9,8,HYGL,C,2,2,,
3,A,9,9,TRCY_T1,T,1,0,,
3,A,10,1,ARCA,C,3,1,,
3,A,10,2,PLDE,E,2,2,,
3,A,10,3,PLDE,E,3,2,,
3,A,10,4,VERO,E,1,4,,
3,A,10,6,LARO,C,2,0,,
3,A,10,7,PLDE,C,1,2,,
3,A,10,8,ARCA,E,3,4,,
3,A,10,9,TROR,C,2,0,,
3,B,1,1,TROR,E,2,1,,
3,B,1,2,TRCY,T,1,3,,
3,B,1,3,PEAI,C,3,2,,
3,B,1,4,TROR,E,3,1,,
3,B,1,5,LARO,C,1,0,,
3,B,1,6,POLE,C,2,0,,
3,B,1,7,ARCA,E,1,0,,
3,B,1,8,HYGL,C,1,0,,
3,B,1,9,LARO,E,2,0,,
3,B,2,1,LARO,C,3,0,,
3,B,2,2,VERO,E,2,1,,
3,B,2,3,HYGL,T,2,0,,
3,B,2,4,LARO,C,2,0,,
3,B,2,5,VERO,E,1,7,,
3,B,2,6,ARCA,T,2,5,,
3,B,2,7,PLDE,C,2,0,,
3,B,2,8,HYGL,E,3,0,,
3,B,2,9,POLE,C,1,0,,
3,B,3,1,TROR,E,1,0,,
3,B,3,2,POLE,E,1,0,,
3,B,3,3,PEAI,E,2,2,,
3,B,3,4,PEAI,E,1,2,,
3,B,3,5,PEAI,E,3,3,,
3,B,3,6,ARCA,C,1,0,,
3,B,3,7,PLDE,T,2,1,,
3,B,3,8,TRCY,C,2,6,,
3,B,3,9,VERO,C,1,7,,
3,B,4,1,PLDE,T,1,6,,
3,B,4,2,VERO,T,1,3,,
3,B,4,3,HYGL,T,1,0,,
3,B,4,4,ARCA,C,3,2,,
3,B,4,5,PEAI,T,2,1,,
3,B,4,6,LARO,E,1,2,,
3,B,4,7,ARCA,E,3,3,,
3,B,4,8,POLE,E,2,0,,
3,B,4,9,POLE,C,3,0,,
3,B,5,1,PLDE,E,1,1,,
3,B,5,2,TROR,T,2,0,,
3,B,5,8,TROR,C,1,1,,
3,B,5,9,TROR,T,1,4,,
3,B,6,1,TRCY,C,3,0,,
3,B,6,2,VERO,C,2,0,,
3,B,6,8,TRCY,C,1,6,,
3,B,6,9,ARCA,T,1,1,,
3,B,7,1,HYGL,C,3,0,,
3,B,7,2,VERO,T,2,0,,
3,B,7,8,PEAI,T,1,1,,
3,B,7,9,PLDE,E,3,4,,
3,B,8,1,TRCY,E,1,0,,
3,B,8,2,PLDE,E,2,0,,
3,B,8,3,LARO,T,1,0,,
3,B,8,4,LARO,E,3,4,,
3,B,8,6,VERO,E,3,5,,
3,B,8,7,TRCY,E,3,10,,
3,B,8,8,PLDE,C,3,5,,
3,B,8,9,TROR,C,2,1,,
3,B,9,1,POLE,E,3,0,,
3,B,9,2,LARO,T,2,2,,
3,B,9,3,HYGL,C,2,0,,
3,B,9,4,TRCY,T,2,4,,
3,B,9,6,HYGL,E,2,0,,
3,B,9,7,PEAI,C,1,2,,
3,B,9,8,VERO,C,3,0,,
3,B,9,9,PEAI,C,2,3,,
3,B,10,1,ARCA,C,2,2,,
3,B,10,2,PLDE,C,1,1,,
3,B,10,3,TRCY,E,2,0,,
3,B,10,4,POLE,T,1,0,,
3,B,10,6,POLE,T,2,0,,
3,B,10,7,ARCA,E,2,2,,
3,B,10,8,HYGL,E,1,1,,
3,B,10,9,TROR,C,3,1,,
3,C,1,1,HYGL,E,2,0,,
3,C,1,2,LARO,T,2,2,,
3,C,1,3,VERO,T,2,8,,
3,C,1,4,VERO,E,1,9,,
3,C,1,5,POLE,C,2,0,,
3,C,1,6,POLE,E,1,0,,
3,C,1,7,ARCA,T,1,7,,
3,C,1,8,VERO,T,1,0,,
3,C,1,9,HYGL,C,3,1,,
3,C,2,1,TRCY,C,1,2,,
3,C,2,2,PEAI,E,1,5,,
3,C,2,3,TROR,E,1,4,,
3,C,2,4,VERO,C,1,1,,
3,C,2,5,VERO,C,3,4,,
3,C,2,6,TROR,C,3,3,,
3,C,2,7,PLDE,C,3,2,,
3,C,2,8,PLDE,C,2,0,,
3,C,2,9,PEAI,C,2,0,,
3,C,3,1,HYGL,T,1,0,,
3,C,3,2,POLE,C,3,0,,
3,C,3,3,HYGL,C,2,0,,
3,C,3,4,TROR,E,3,3,,
3,C,3,5,TROR,C,2,10,,
3,C,3,6,LARO,E,1,1,,
3,C,3,7,ARCA,E,2,1,,
3,C,3,8,VERO,E,2,5,,
3,C,3,9,LARO,C,3,0,,
3,C,4,1,LARO,C,1,1,,
3,C,4,2,LARO,T,1,0,,
3,C,4,3,PLDE,T,2,0,,
3,C,4,4,TROR,T,2,4,,
3,C,4,5,LARO,C,2,1,,
3,C,4,6,TRCY,E,1,6,,
3,C,4,7,HYGL,E,3,0,,
3,C,4,8,HYGL,C,1,0,,
3,C,4,9,TRCY,C,3,6,,
3,C,5,1,TRCY,E,3,13,,
3,C,5,2,ARCA,C,1,3,,
3,C,5,8,PEAI,E,2,0,,
3,C,5,9,LARO,E,3,2,,
3,C,6,1,HYGL,E,1,0,,
3,C,6,2,PEAI,C,3,1,,
3,C,6,8,POLE,T,1,0,,
3,C,6,9,ARCA,C,3,1?,,
3,C,7,1,ARCA,C,2,5,,
3,C,7,2,PLDE,E,3,0,,
3,C,7,8,POLE,C,1,0,,
3,C,7,9,TRCY,C,2,13,,
3,C,8,1,TRCY,E,2,13,,
3,C,8,2,VERO,C,2,1,,
3,C,8,3,PEAI,C,1,4,,
3,C,8,4,HYGL,T,2,0,,
3,C,8,6,TROR,C,1,7,,
3,C,8,7,POLE,T,2,2,,
3,C,8,8,ARCA,E,1,1,,
3,C,8,9,POLE,E,3,0,,
3,C,9,1,PLDE,E,1,1,,
3,C,9,2,TRCY,T,1,11,,
3,C,9,3,POLE,E,2,0,,
3,C,9,4,PEAI,T,2,5,,
3,C,9,6,PEAI,E,3,4,,
3,C,9,7,VERO,E,3,5,,
3,C,9,8,TROR,T,1,6,,
3,C,9,9,PLDE,E,2,1,,
3,C,10,1,PLDE,C,1,9,,
3,C,10,2,TROR,E,2,4,,
3,C,10,3,ARCA,T,2,2,,
3,C,10,4,PEAI,T,1,1,,
3,C,10,6,PLDE,T,1,0,,
3,C,10,7,LARO,E,2,1,,
3,C,10,8,TRCY,T,2,14,,
3,C,10,9,ARCA,E,3,2,,
4,A,1,1,POLE,E,2,2,,
4,A,1,2,LARO,E,2,8,,
4,A,1,3,POLE,C,1,0,,
4,A,1,4,TROR,E,1,6,,
4,A,1,5,VERO,E,1,9,,
4,A,1,6,TRCY,T,2,11,,
4,A,1,7,ARCA,E,2,4,,
4,A,1,8,ARCA,C,2,5,,
4,A,1,9,TRCY,C,3,2,,
4,A,2,1,TRCY,E,1,7,,
4,A,2,2,VERO,T,2,11,,
4,A,2,3,HYGL,E,1,6,,
4,A,2,4,LARO,E,1,5,,
4,A,2,5,VERO,C,2,0,,
4,A,2,6,PEAI,T,2,10,,
4,A,2,7,VERO,T,1,7,,
4,A,2,8,HYGL,T,2,0,,
4,A,2,9,TRCY,E,2,6,,
4,A,3,1,PEAI,C,1,12,,
4,A,3,2,LARO,C,2,8,,
4,A,3,3,TROR,E,3,10,,
4,A,3,4,LARO,E,3,6,,
4,A,3,5,TRCY,C,1,14,,
4,A,3,6,PEAI,E,2,6,,
4,A,3,7,VERO,C,3,8,,
4,A,3,8,ARCA,T,2,0,,
4,A,3,9,HYGL,C,3,7,,
4,A,4,1,POLE,T,1,0,,
4,A,4,2,PLDE,C,3,8,,
4,A,4,3,TRCY,T,1,10,,
4,A,4,4,TROR,T,1,5,,
4,A,4,5,POLE,C,2,0,,
4,A,4,6,ARCA,C,1,1,,
4,A,4,7,VERO,C,1,10,,
4,A,4,8,LARO,C,1,3,,
4,A,4,9,HYGL,E,2,4,,
4,A,5,1,ARCA,E,1,9,,
4,A,5,2,POLE,T,2,0,,
4,A,5,8,ARCA,E,3,2,,
4,A,5,9,PLDE,C,1,4,,
4,A,6,1,POLE,E,3,1,,
4,A,6,2,PEAI,E,1,5,,
4,A,6,8,ARCA,T,1,0,,
4,A,6,9,TROR,T,2,11,,
4,A,7,1,PEAI,C,2,6,,
4,A,7,2,POLE,C,3,6,,
4,A,7,8,LARO,T,1,3,,
4,A,7,9,PLDE,E,1,7,,
4,A,8,1,PLDE,T,1,10,,
4,A,8,2,PLDE,T,2,NA,,
4,A,8,3,PEAI,C,3,10,,
4,A,8,4,TROR,E,2,8,,
4,A,8,6,HYGL,C,1,0,,
4,A,8,7,HYGL,C,2,6,,
4,A,8,8,PEAI,T,1,6,,
4,A,8,9,PLDE,C,2,11,,
4,A,9,1,ARCA,C,3,1,,
4,A,9,2,TROR,C,2,8,,
4,A,9,3,LARO,T,2,6,,
4,A,9,4,VERO,E,3,6,,
4,A,9,6,PEAI,E,3,3,,
4,A,9,7,TROR,C,1,9,,
4,A,9,8,TROR,C,3,12,,
4,A,9,9,POLE,E,1,0,,
4,A,10,1,TRCY,C,2,12,,
4,A,10,2,TRCY,E,3,12,,
4,A,10,3,LARO,C,3,4,,
4,A,10,4,PLDE,E,3,13,,
4,A,10,6,VERO,E,2,10,,
4,A,10,7,PLDE,E,2,5,,
4,A,10,8,HYGL,T,1,7,,
4,A,10,9,HYGL,E,3,5,,
4,B,1,1,POLE,E,3,0,,
4,B,1,2,VERO,E,3,12,,
4,B,1,3,LARO,C,3,3,,
4,B,1,4,VERO,E,1,9,,
4,B,1,5,POLE,C,3,0,,
4,B,1,6,LARO,E,3,5,,
4,B,1,7,PLDE,C,3,12,,
4,B,1,8,VERO,C,2,8,,
4,B,1,9,POLE,C,2,0,,
4,B,2,1,ARCA,T,2,5,,
4,B,2,2,ARCA,C,3,9,,
4,B,2,3,LARO,E,1,1,,
4,B,2,4,POLE,E,2,0,,
4,B,2,5,TRCY,C,1,9,,
4,B,2,6,ARCA,C,1,4,,
4,B,2,7,ARCA,E,1,4,,
4,B,2,8,TROR,C,2,4,,
4,B,2,9,TRCY,T,1,2,,
4,B,3,1,TROR,C,3,3,,
4,B,3,2,TRCY,C,3,4,,
4,B,3,3,TRCY,T,2,7,,
4,B,3,4,PEAI,T,1,7,,
4,B,3,5,VERO,T,1,8,,
4,B,3,6,TROR,E,2,8,,
4,B,3,7,HYGL,C,1,4,,
4,B,3,8,PLDE,E,2,5,,
4,B,3,9,ARCA,C,2,5,,
4,B,4,1,LARO,C,2,5,,
4,B,4,2,PEAI,E,3,1,,
4,B,4,3,POLE,E,1,0,,
4,B,4,4,HYGL,E,1,2,,
4,B,4,5,POLE,C,1,0,,
4,B,4,6,TRCY,E,1,9,,
4,B,4,7,ARCA,E,2,5,,
4,B,4,8,TROR,E,3,0,,
4,B,4,9,PEAI,C,2,1,,
4,B,5,1,LARO,T,2,3,,
4,B,5,2,POLE,T,2,0,,
4,B,5,8,LARO,E,2,3,,
4,B,5,9,HYGL,E,2,0,,
4,B,6,1,HYGL,T,1,2,,
4,B,6,2,VERO,T,2,0,,
4,B,6,8,TRCY,E,3,7,,
4,B,6,9,VERO,C,1,0,,
4,B,7,1,LARO,C,1,1,,
4,B,7,2,ARCA,E,3,4,,
4,B,7,8,PLDE,C,1,6,,
4,B,7,9,PEAI,C,1,1,,
4,B,8,1,Blank,NA,NA,NA,,
4,B,8,2,HYGL,T,2,2,,
4,B,8,3,TRCY,E,2,7,,
4,B,8,4,PEAI,T,2,0,,
4,B,8,6,PLDE,C,2,0,,
4,B,8,7,PLDE,T,1,5,,
4,B,8,8,HYGL,C,3,4,,
4,B,8,9,PEAI,E,2,7,,
4,B,9,1,LARO,T,1,0,,
4,B,9,2,PLDE,E,1,5,,
4,B,9,3,PLDE,E,3,8,,
4,B,9,4,PEAI,C,3,5,,
4,B,9,6,TROR,T,1,5,,
4,B,9,7,TROR,C,1,8,,
4,B,9,8,VERO,C,3,12,,
4,B,9,9,VERO,E,2,7,,
4,B,10,1,TROR,T,2,10,,
4,B,10,2,TROR,E,1,8,,
4,B,10,3,HYGL,C,2,1,,
4,B,10,4,HYGL,E,3,0,,
4,B,10,6,TRCY,C,2,8,,
4,B,10,7,ARCA,T,1,8,,
4,B,10,8,PEAI,E,1,5,,
4,B,10,9,POLE,T,1,0,,
4,C,1,1,TRCY,E,2,7,,
4,C,1,2,PLDE,E,2,11,,
4,C,1,3,HYGL,E,1,0,,
4,C,1,4,LARO,E,1,0,,
4,C,1,5,TRCY,C,1,9,,
4,C,1,6,HYGL,E,2,2,,
4,C,1,7,PLDE,E,1,7,,
4,C,1,8,PEAI,E,3,9,,
4,C,1,9,VERO,E,1,0,,
4,C,2,1,POLE,E,2,1,,
4,C,2,2,ARCA,C,1,5,,
4,C,2,3,ARCA,E,1,5,,
4,C,2,4,TROR,C,3,3,,
4,C,2,5,VERO,C,2,3,,
4,C,2,6,TROR,E,2,6,,
4,C,2,7,VERO,T,2,0,,
4,C,2,8,PLDE,C,2,9,,
4,C,2,9,TROR,E,1,8,,
4,C,3,1,PEAI,T,2,9,,
4,C,3,2,POLE,E,1,0,,
4,C,3,3,TROR,E,3,11,,
4,C,3,4,PLDE,C,1,9,,
4,C,3,5,ARCA,C,3,3,,
4,C,3,6,HYGL,T,1,2,,
4,C,3,7,HYGL,C,2,0,,
4,C,3,8,PLDE,T,1,8,,
4,C,3,9,VERO,E,3,6,,
4,C,4,1,PLDE,C,3,9,,
4,C,4,2,POLE,C,3,1,,
4,C,4,3,VERO,C,3,0,,
4,C,4,4,LARO,C,3,1,,
4,C,4,5,ARCA,E,2,8,,
4,C,4,6,PLDE,E,3,6,,
4,C,4,7,TRCY,T,1,9,,
4,C,4,8,POLE,T,1,0,,
4,C,4,9,TRCY,E,1,6,,
4,C,5,1,PLDE,T,2,0,,
4,C,5,2,ARCA,T,2,10,,
4,C,5,8,LARO,E,2,8,,
4,C,5,9,TROR,T,2,10,,
4,C,6,1,POLE,C,1,1,,
4,C,6,2,LARO,T,1,4,,
4,C,6,8,VERO,E,2,0,,
4,C,6,9,ARCA,C,2,4,,
4,C,7,1,HYGL,E,3,0,,
4,C,7,2,PEAI,C,1,7,,
4,C,7,8,PEAI,C,2,5,,
4,C,7,9,TROR,T,1,10,,
4,C,8,1,ARCA,E,3,5,,
4,C,8,2,POLE,T,2,0,,
4,C,8,3,TRCY,E,3,5,,
4,C,8,4,LARO,T,2,5,,
4,C,8,6,TRCY,C,3,3,,
4,C,8,7,TROR,C,2,2,,
4,C,8,8,ARCA,T,1,3,,
4,C,8,9,PEAI,E,2,3,,
4,C,9,1,TRCY,T,2,1,,
4,C,9,2,POLE,E,3,0,,
4,C,9,3,LARO,C,2,0,,
4,C,9,4,PEAI,C,3,7,,
4,C,9,6,POLE,C,2,0,,
4,C,9,7,LARO,C,1,5,,
4,C,9,8,LARO,E,3,5,,
4,C,9,9,TROR,C,1,1,,
4,C,10,1,VERO,T,1,0,,
4,C,10,2,PEAI,T,1,4,,
4,C,10,3,HYGL,C,3,0,,
4,C,10,4,TRCY,C,2,7,,
4,C,10,6,HYGL,C,1,0,,
4,C,10,7,HYGL,T,2,2,,
4,C,10,8,VERO,C,1,9,,
4,C,10,9,PEAI,E,1,9,,
5,A,1,1,PLDE,E,2,NA,,
5,A,1,2,VERO,C,1,0,,
5,A,1,3,PLDE,C,2,NA,,
5,A,1,4,TROR,C,2,1,,
5,A,1,5,HYGL,E,3,1,,
5,A,1,6,ARCA,C,1,1,,
5,A,1,7,POLE,E,1,2,,
5,A,1,8,ARCA,C,3,0,,
5,A,1,9,PEAI,T,2,3,,
5,A,2,1,VERO,E,3,0,,
5,A,2,2,TRCY,C,1,0,,
5,A,2,3,POLE,T,1,0,,
5,A,2,4,POLE,E,2,0,,
5,A,2,5,LARO,E,3,0,,
5,A,2,6,HYGL,T,2,0,,
5,A,2,7,HYGL,E,1,1?,,
5,A,2,8,LARO,C,2,3,,
5,A,2,9,VERO,T,2,8,,
5,A,3,1,ARCA,E,1,1,,
5,A,3,2,ARCA,T,2,0,,
5,A,3,3,PEAI,E,1,1,,
5,A,3,4,ARCA,C,2,1,,
5,A,3,5,LARO,E,2,2,,
5,A,3,6,HYGL,E,2,0,,
5,A,3,7,PEAI,E,2,4,,
5,A,3,8,HYGL,C,2,2,,
5,A,3,9,TRCY,E,3,3,,
5,A,4,1,PLDE,C,3,NA,,
5,A,4,2,VERO,C,3,0,,
5,A,4,3,TRCY,C,3,7,,
5,A,4,4,PEAI,C,1,2,,
5,A,4,5,TROR,T,1,1,,
5,A,4,6,TROR,C,3,4,,
5,A,4,7,PLDE,C,1,NA,,
5,A,4,8,LARO,T,1,3,,
5,A,4,9,POLE,C,3,0,,
5,A,5,1,PLDE,T,2,NA,,
5,A,5,2,PEAI,E,3,0,,
5,A,5,8,TRCY,C,2,0,,
5,A,5,9,VERO,C,2,0,,
5,A,6,1,VERO,E,1,1,,
5,A,6,2,LARO,C,1,0,,
5,A,6,8,PEAI,T,1,1,,
5,A,6,9,TROR,C,1,4,,
5,A,7,1,VERO,T,1,0,,
5,A,7,2,ARCA,E,2,2,,
5,A,7,8,PLDE,E,1,NA,,
5,A,7,9,POLE,C,2,2,,
5,A,8,1,TROR,E,2,0,,
5,A,8,2,HYGL,C,1,4,,
5,A,8,3,TROR,T,2,0,,
5,A,8,4,ARCA,E,3,1,,
5,A,8,6,TRCY,T,1,10,,
5,A,8,7,PLDE,T,1,NA,,
5,A,8,8,VERO,E,2,2,,
5,A,8,9,PEAI,C,3,1,,
5,A,9,1,POLE,T,2,0,,
5,A,9,2,TRCY,T,2,0,,
5,A,9,3,ARCA,T,1,0,,
5,A,9,4,TROR,E,3,1,,
5,A,9,6,TROR,E,1,2,,
5,A,9,7,LARO,E,1,4,,
5,A,9,8,PLDE,E,3,NA,,
5,A,9,9,HYGL,T,1,0,,
5,A,10,1,POLE,C,1,0,,
5,A,10,2,LARO,T,2,0,,
5,A,10,3,LARO,C,3,0,,
5,A,10,4,TRCY,E,1,2,,
5,A,10,6,TRCY,E,2,6,,
5,A,10,7,PEAI,C,2,8,,
5,A,10,8,HYGL,C,3,1,,
5,A,10,9,POLE,E,3,3,,
5,B,1,1,HYGL,E,3,2,,
5,B,1,2,TRCY,E,3,4,,
5,B,1,3,POLE,T,2,0,,
5,B,1,4,TROR,E,1,2,,
5,B,1,5,ARCA,C,3,1,,
5,B,1,6,LARO,E,3,2,,
5,B,1,7,PLDE,T,2,NA,,
5,B,1,8,POLE,E,1,1,,
5,B,1,9,VERO,E,3,5,,
5,B,2,1,HYGL,C,3,2,,
5,B,2,2,HYGL,T,1,1,,
5,B,2,3,VERO,E,1,1,,
5,B,2,4,PEAI,C,3,2,,
5,B,2,5,VERO,C,3,1,,
5,B,2,6,TRCY,E,2,8,,
5,B,2,7,HYGL,E,2,0,,
5,B,2,8,HYGL,T,2,1,,
5,B,2,9,ARCA,C,2,4,,
5,B,3,1,TROR,T,1,5,,
5,B,3,2,PLDE,T,1,NA,,
5,B,3,3,ARCA,E,1,3,,
5,B,3,4,VERO,C,1,8,,
5,B,3,5,LARO,E,1,1,,
5,B,3,6,LARO,C,3,1,,
5,B,3,7,TRCY,E,1,2,,
5,B,3,8,VERO,T,2,4,,
5,B,3,9,LARO,T,2,3,,
5,B,4,1,PEAI,C,1,0,,
5,B,4,2,PLDE,E,1,NA,,
5,B,4,3,PEAI,T,2,4,,
5,B,4,4,HYGL,C,2,1,,
5,B,4,5,POLE,C,3,0,,
5,B,4,6,TROR,E,3,4,,
5,B,4,7,POLE,C,2,0,,
5,B,4,8,ARCA,E,3,1,,
5,B,4,9,PLDE,E,3,NA,,
5,B,5,1,PEAI,C,2,2,,
5,B,5,2,LARO,C,2,7,,
5,B,5,8,LARO,E,2,2,,
5,B,5,9,PLDE,C,2,NA,,
5,B,6,1,ARCA,T,1,3,,
5,B,6,2,TRCY,T,1,15,,
5,B,6,8,TROR,C,3,7,,
5,B,6,9,POLE,E,3,0,,
5,B,7,1,TROR,C,1,7,,
5,B,7,2,VERO,T,1,6,,
5,B,7,8,TRCY,C,1,6,,
5,B,7,9,POLE,C,1,0,,
5,B,8,1,HYGL,E,1,4,,
5,B,8,2,ARCA,C,1,7,,
5,B,8,3,ARCA,E,2,4,,
5,B,8,4,LARO,C,1,2,,
5,B,8,6,POLE,E,2,1,,
5,B,8,7,ARCA,T,2,7,,
5,B,8,8,PLDE,C,1,NA,,
5,B,8,9,PEAI,T,1,7,,
5,B,9,1,VERO,E,2,0,,
5,B,9,2,HYGL,C,1,0,,
5,B,9,3,POLE,T,1,0,,
5,B,9,4,TRCY,T,2,0,,
5,B,9,6,TRCY,C,3,9,,
5,B,9,7,PEAI,E,3,3,,
5,B,9,8,TROR,E,2,1,,
5,B,9,9,TRCY,C,2,10,,
5,B,10,1,TROR,T,2,1,,
5,B,10,2,PLDE,E,2,NA,,
5,B,10,3,PLDE,C,3,NA,,
5,B,10,4,TROR,C,2,3,,
5,B,10,6,PEAI,E,1,5,,
5,B,10,7,PEAI,E,2,3,,
5,B,10,8,LARO,T,1,4,,
5,B,10,9,VERO,C,2,0,,
5,C,1,1,TROR,T,2,0,,
5,C,1,2,VERO,T,2,0,,
5,C,1,3,PLDE,C,1,NA,,
5,C,1,4,PLDE,C,3,NA,,
5,C,1,5,TRCY,T,2,0,,
5,C,1,6,HYGL,E,2,6,,
5,C,1,7,ARCA,E,1,0,,
5,C,1,8,HYGL,T,2,6,,
5,C,1,9,LARO,E,1,0,,
5,C,2,1,POLE,T,2,0,,
5,C,2,2,HYGL,E,1,7,,
5,C,2,3,VERO,C,2,1,,
5,C,2,4,ARCA,E,3,1,,
5,C,2,5,LARO,T,2,0,,
5,C,2,6,ARCA,T,2,0,,
5,C,2,7,TRCY,C,1,0,,
5,C,2,8,ARCA,C,1,2,,
5,C,2,9,PEAI,T,1,2,,
5,C,3,1,TRCY,E,2,0,,
5,C,3,2,POLE,C,3,0,,
5,C,3,3,LARO,E,3,1,,
5,C,3,4,LARO,C,2,0,,
5,C,3,5,PLDE,E,3,NA,,
5,C,3,6,PEAI,C,3,4,,
5,C,3,7,TRCY,T,1,0,,
5,C,3,8,TROR,E,3,0,,
5,C,3,9,PEAI,C,2,1?,,
5,C,4,1,PEAI,E,2,0,,
5,C,4,2,TRCY,C,3,3,,
5,C,4,3,TRCY,E,3,0,,
5,C,4,4,POLE,E,3,0,,
5,C,4,5,PLDE,E,1,NA,,
5,C,4,6,ARCA,C,3,0,,
5,C,4,7,TRCY,E,1,0,,
5,C,4,8,VERO,E,2,0,,
5,C,4,9,POLE,E,2,0,,
5,C,5,1,LARO,E,2,0,,
5,C,5,2,TRCY,C,2,0,,
5,C,5,8,POLE,T,1,0,,
5,C,5,9,VERO,E,3,0,,
5,C,6,1,HYGL,C,1,7,,
5,C,6,2,LARO,C,3,0,,
5,C,6,8,LARO,C,1,0,,
5,C,6,9,POLE,C,2,0,,
5,C,7,1,LARO,T,1,0,,
5,C,7,2,PLDE,T,1,NA,,
5,C,7,8,PLDE,T,2,NA,,
5,C,7,9,PEAI,T,2,5,,
5,C,8,1,PEAI,E,3,0,,
5,C,8,2,VERO,C,3,0,,
5,C,8,3,TROR,T,1,0,,
5,C,8,4,TROR,C,3,0,,
5,C,8,6,HYGL,E,3,0,,
5,C,8,7,TROR,E,2,0,,
5,C,8,8,VERO,T,1,0,,
5,C,8,9,TROR,E,1,0,,
5,C,9,1,PLDE,C,2,NA,,
5,C,9,2,TROR,C,1,0,,
5,C,9,3,PEAI,C,1,0,,
5,C,9,4,POLE,C,1,0,,
5,C,9,6,ARCA,T,1,1?,,
5,C,9,7,VERO,C,1,0,,
5,C,9,8,HYGL,C,2,3,,
5,C,9,9,VERO,E,1,0,,
5,C,10,1,PLDE,E,2,NA,,
5,C,10,2,PEAI,E,1,0,,
5,C,10,3,POLE,E,1,0,,
5,C,10,4,HYGL,T,1,0,,
5,C,10,6,HYGL,C,3,5,,
5,C,10,7,TROR,C,2,0,,
5,C,10,8,ARCA,C,2,1,,
5,C,10,9,ARCA,E,2,0,,
6,A,1,1,PLDE,C,2,NA,,
6,A,1,2,VERO,T,2,9,,
6,A,1,3,TRCY,T,1,5,,
6,A,1,4,TRCY,E,1,13,,
6,A,1,5,PEAI,T,1,14,,
6,A,1,6,TRCY,C,3,2,,
6,A,1,7,LARO,E,2,10,,
6,A,1,8,HYGL,T,2,3,,
6,A,1,9,HYGL,E,3,3,,
6,A,2,1,TRCY,T,2,8,,
6,A,2,2,HYGL,T,1,2,,
6,A,2,3,LARO,T,2,12,,
6,A,2,4,LARO,E,1,6,,
6,A,2,5,ARCA,C,2,8,,
6,A,2,6,ARCA,E,2,6,,
6,A,2,7,VERO,E,1,4,,
6,A,2,8,HYGL,E,1,4,,
6,A,2,9,PEAI,E,1,10,,
6,A,3,1,PEAI,C,3,7,,
6,A,3,2,LARO,C,3,9,,
6,A,3,3,HYGL,C,3,0,,
6,A,3,4,TROR,C,2,11,,
6,A,3,5,ARCA,T,2,12,,
6,A,3,6,ARCA,E,3,2,,
6,A,3,7,POLE,T,1,0,,
6,A,3,8,PEAI,E,2,10,,
6,A,3,9,TROR,T,2,11,,
6,A,4,1,HYGL,E,2,4,,
6,A,4,2,HYGL,C,2,4,,
6,A,4,3,LARO,T,1,5,,
6,A,4,4,ARCA,E,1,4,,
6,A,4,5,TROR,E,1,6,,
6,A,4,6,LARO,C,1,6,,
6,A,4,7,PEAI,T,2,7,,
6,A,4,8,POLE,E,3,0,,
6,A,4,9,VERO,T,1,12,,
6,A,5,1,ARCA,C,3,3,,
6,A,5,2,PEAI,C,2,7,,
6,A,5,8,PLDE,C,3,NA,,
6,A,5,9,TROR,E,2,12,,
6,A,6,1,VERO,E,2,6,,
6,A,6,2,TRCY,C,2,7,,
6,A,6,8,ARCA,T,1,7,,
6,A,6,9,PLDE,C,1,NA,,
6,A,7,1,HYGL,C,1,1,,
6,A,7,2,POLE,C,1,0,,
6,A,7,8,PLDE,T,2,NA,,
6,A,7,9,VERO,C,3,1,,
6,A,8,1,TRCY,E,2,6,,
6,A,8,2,TROR,C,3,6,,
6,A,8,3,PEAI,E,3,8,,
6,A,8,4,PLDE,E,2,NA,,
6,A,8,6,TROR,T,1,7,,
6,A,8,7,TRCY,C,1,11,,
6,A,8,8,POLE,E,2,0,,
6,A,8,9,TROR,E,3,7,,
6,A,9,1,PLDE,E,1,NA,,
6,A,9,2,PLDE,T,1,NA,,
6,A,9,3,ARCA,C,1,2,,
6,A,9,4,POLE,C,3,0,,
6,A,9,6,VERO,E,3,7,,
6,A,9,7,VERO,C,2,3,,
6,A,9,8,TROR,C,1,9,,
6,A,9,9,POLE,E,1,0,,
6,A,10,1,PLDE,E,3,NA,,
6,A,10,2,LARO,E,3,0,,
6,A,10,3,PEAI,C,1,6,,
6,A,10,4,LARO,C,2,3,,
6,A,10,6,VERO,C,1,6,,
6,A,10,7,TRCY,E,3,11,,
6,A,10,8,POLE,T,2,2,,
6,A,10,9,POLE,C,2,6,,
6,B,1,1,POLE,C,3,5,,
6,B,1,2,ARCA,C,3,0,,
6,B,1,3,HYGL,E,3,7,,
6,B,1,4,PLDE,C,3,NA,,
6,B,1,5,HYGL,C,2,3,,
6,B,1,6,PLDE,T,1,NA,,
6,B,1,7,TRCY,C,1,9,,
6,B,1,8,VERO,E,2,0,,
6,B,1,9,TRCY,E,3,12,,
6,B,2,1,TROR,E,2,12,,
6,B,2,2,POLE,C,1,0,,
6,B,2,3,TROR,T,1,8,,
6,B,2,4,TRCY,E,1,5,,
6,B,2,5,PLDE,C,1,NA,,
6,B,2,6,PEAI,E,1,12,,
6,B,2,7,TROR,E,3,9,,
6,B,2,8,ARCA,T,2,2,,
6,B,2,9,POLE,E,1,0,,
6,B,3,1,HYGL,T,2,1,,
6,B,3,2,TRCY,C,2,9,,
6,B,3,3,VERO,T,2,1,,
6,B,3,4,LARO,C,1,6,,
6,B,3,5,POLE,E,3,4,,
6,B,3,6,PEAI,T,2,6,,
6,B,3,7,LARO,E,1,5,,
6,B,3,8,ARCA,T,1,0,,
6,B,3,9,PLDE,E,3,NA,,
6,B,4,1,ARCA,E,3,1,,
6,B,4,2,TROR,C,1,9,,
6,B,4,3,HYGL,C,1,0,,
6,B,4,4,PEAI,E,3,11,,
6,B,4,5,VERO,C,2,6,,
6,B,4,6,VERO,E,3,4,,
6,B,4,7,ARCA,C,2,4,,
6,B,4,8,TRCY,T,2,7,,
6,B,4,9,PEAI,C,3,0,,
6,B,5,1,PEAI,C,1,10,,
6,B,5,2,PLDE,T,2,NA,,
6,B,5,8,HYGL,E,1,4,,
6,B,5,9,PEAI,C,2,10,,
6,B,6,1,PLDE,E,2,NA,,
6,B,6,2,VERO,E,1,9,,
6,B,6,8,LARO,T,1,8,,
6,B,6,9,POLE,T,1,1,,
6,B,7,1,HYGL,T,1,3,,
6,B,7,2,PLDE,E,1,NA,,
6,B,7,8,POLE,C,2,1,,
6,B,7,9,LARO,T,2,9,,
6,B,8,1,PEAI,T,1,15,,
6,B,8,2,LARO,C,2,5,,
6,B,8,3,ARCA,E,2,3,,
6,B,8,4,TRCY,C,3,8,,
6,B,8,6,TRCY,T,1,6,,
6,B,8,7,TROR,C,3,10,,
6,B,8,8,ARCA,E,1,6,,
6,B,8,9,TROR,E,1,4,,
6,B,9,1,LARO,E,2,8,,
6,B,9,2,POLE,E,2,1,,
6,B,9,3,PLDE,C,2,NA,,
6,B,9,4,HYGL,C,3,4,,
6,B,9,6,LARO,E,3,8,,
6,B,9,7,POLE,T,2,2,,
6,B,9,8,HYGL,E,2,5,,
6,B,9,9,TROR,T,2,8,,
6,B,10,1,VERO,T,1,12,,
6,B,10,2,ARCA,C,1,3,,
6,B,10,3,TROR,C,2,9,,
6,B,10,4,VERO,C,3,7,,
6,B,10,6,VERO,C,1,4,,
6,B,10,7,TRCY,E,2,10,,
6,B,10,8,LARO,C,3,9,,
6,B,10,9,PEAI,E,2,8,,
6,C,1,1,POLE,T,2,1,,
6,C,1,2,TRCY,E,3,4,,
6,C,1,3,TROR,T,2,8,,
6,C,1,4,LARO,T,1,9,,
6,C,1,5,VERO,E,2,7,,
6,C,1,6,PEAI,E,3,12,,
6,C,1,7,HYGL,C,3,1,,
6,C,1,8,HYGL,T,2,1,,
6,C,1,9,PEAI,T,1,8,,
6,C,2,1,HYGL,E,2,0,,
6,C,2,2,HYGL,T,1,2,,
6,C,2,3,VERO,E,1,5,,
6,C,2,4,PLDE,C,1,NA,,
6,C,2,5,PLDE,T,2,NA,,
6,C,2,6,ARCA,E,1,4,,
6,C,2,7,PEAI,T,2,5,,
6,C,2,8,ARCA,E,3,0,,
6,C,2,9,PLDE,C,2,NA,,
6,C,3,1,PEAI,C,1,11,,
6,C,3,2,TROR,E,1,8,,
6,C,3,3,PEAI,E,4,4,,
6,C,3,4,PEAI,C,2,6,,
6,C,3,5,VERO,C,1,9,,
6,C,3,6,TRCY,E,2,8,,
6,C,3,7,TROR,C,3,10,,
6,C,3,8,TROR,C,1,5,,
6,C,3,9,VERO,C,2,2,,
6,C,4,1,POLE,C,2,0,,
6,C,4,2,ARCA,C,3,4,,
6,C,4,3,LARO,T,2,1,,
6,C,4,4,ARCA,T,2,3,,
6,C,4,5,POLE,C,3,0,,
6,C,4,6,TRCY,C,2,10,,
6,C,4,7,PLDE,T,1,NA,,
6,C,4,8,TRCY,C,1,5,,
6,C,4,9,PEAI,E,2,5,,
6,C,5,1,HYGL,E,1,0,,
6,C,5,2,TRCY,T,1,11,,
6,C,5,8,TROR,E,2,6,,
6,C,5,9,HYGL,C,2,6,,
6,C,6,1,PLDE,E,2,NA,,
6,C,6,2,VERO,E,3,6,,
6,C,6,8,PLDE,E,3,NA,,
6,C,6,9,LARO,E,1,0,,
6,C,7,1,POLE,E,1,0,,
6,C,7,2,TROR,E,3,8,,
6,C,7,8,HYGL,C,1,5,,
6,C,7,9,ARCA,T,1,3,,
6,C,8,1,VERO,T,1,7,,
6,C,8,2,LARO,E,3,8,,
6,C,8,3,POLE,T,1,0,,
6,C,8,4,PLDE,E,1,NA,,
6,C,8,6,PEAI,C,3,3,,
6,C,8,7,VERO,C,3,4,,
6,C,8,8,TROR,T,1,9,,
6,C,8,9,LARO,E,2,9,,
6,C,9,1,ARCA,C,2,9,,
6,C,9,2,LARO,C,3,5,,
6,C,9,3,TRCY,C,3,8,,
6,C,9,4,ARCA,E,2,7,,
6,C,9,6,PEAI,E,1,3,,
6,C,9,7,POLE,C,1,0,,
6,C,9,8,LARO,C,2,0,,
6,C,9,9,ARCA,C,1,0,,
6,C,10,1,TRCY,E,1,7,,
6,C,10,2,VERO,T,2,5,,
6,C,10,3,TROR,C,2,2,,
6,C,10,4,HYGL,E,3,6,,
6,C,10,6,PLDE,C,3,NA,,
6,C,10,7,POLE,E,3,0,,
6,C,10,8,TRCY,T,2,6,,
6,C,10,9,LARO,C,1,4,,
7,A,1,1,PEAI,T,1,5,,
7,A,1,2,PLDE,T,2,NA,,
7,A,1,3,ARCA,E,1,1,,
7,A,1,4,PEAI,E,1,12,,
7,A,1,5,PEAI,T,2,3,,
7,A,1,6,PLDE,C,3,NA,,
7,A,1,7,LARO,E,1,6,,
7,A,1,8,HYGL,E,2,1,,
7,A,1,9,PLDE,E,1,NA,,
7,A,2,1,VERO,E,1,10,,
7,A,2,2,PLDE,C,1,NA,,
7,A,2,3,ARCA,E,3,5,,
7,A,2,4,POLE,E,1,2,,
7,A,2,5,TROR,E,2,11,,
7,A,2,6,TROR,T,2,9,,
7,A,2,7,HYGL,T,2,0,,
7,A,2,8,HYGL,T,1,2,,
7,A,2,9,POLE,E,2,0,,
7,A,3,1,PLDE,E,3,NA,,
7,A,3,2,LARO,C,2,6,,
7,A,3,3,POLE,E,3,0,,
7,A,3,4,PLDE,E,2,NA,,
7,A,3,5,LARO,C,3,3,,
7,A,3,6,TROR,E,1,5,,
7,A,3,7,HYGL,E,1,2,,
7,A,3,8,PLDE,C,2,NA,,
7,A,3,9,LARO,T,1,9,,
7,A,4,1,VERO,C,1,11,,
7,A,4,2,ARCA,C,3,0,,
7,A,4,3,PEAI,C,2,2,,
7,A,4,4,VERO,C,2,3,,
7,A,4,5,ARCA,C,1,1,,
7,A,4,6,TRCY,T,2,9,,
7,A,4,7,VERO,T,2,3,,
7,A,4,8,LARO,T,2,9,,
7,A,4,9,PEAI,C,1,8,,
7,A,5,1,PEAI,E,3,5,,
7,A,5,2,HYGL,C,2,5,,
7,A,5,8,POLE,C,3,0,,
7,A,5,9,TROR,E,3,8,,
7,A,6,1,TROR,T,1,9,,
7,A,6,2,HYGL,C,3,7,,
7,A,6,8,POLE,T,2,0,,
7,A,6,9,LARO,E,3,7,,
7,A,7,1,POLE,C,2,0,,
7,A,7,2,TRCY,C,1,9,,
7,A,7,8,TROR,C,3,10,,
7,A,7,9,VERO,T,1,2,,
7,A,8,1,HYGL,E,3,0,,
7,A,8,2,TRCY,E,2,1,,
7,A,8,3,ARCA,E,2,0,,
7,A,8,4,POLE,T,1,0,,
7,A,8,6,POLE,C,1,0,,
7,A,8,7,ARCA,C,2,1,,
7,A,8,8,TRCY,C,3,9,,
7,A,8,9,TROR,C,2,8,,
7,A,9,1,PLDE,T,1,NA,,
7,A,9,2,VERO,C,3,9,,
7,A,9,3,LARO,C,1,5,,
7,A,9,4,VERO,E,2,7,,
7,A,9,6,TRCY,C,2,9,,
7,A,9,7,VERO,E,3,9,,
7,A,9,8,TRCY,E,3,10,,
7,A,9,9,PEAI,C,3,5,,
7,A,10,1,LARO,E,2,3,,
7,A,10,2,TRCY,E,1,5,,
7,A,10,3,ARCA,T,1,4,,
7,A,10,4,TROR,C,1,7,,
7,A,10,6,HYGL,C,1,0,,
7,A,10,7,TRCY,T,1,9,,
7,A,10,8,PEAI,E,2,0,,
7,A,10,9,ARCA,T,2,0,,
7,B,1,1,LARO,E,2,3,,
7,B,1,2,POLE,T,2,1,,
7,B,1,3,HYGL,C,1,5,,
7,B,1,4,ARCA,C,1,4,,
7,B,1,5,ARCA,T,2,4,,
7,B,1,6,PEAI,C,2,12,,
7,B,1,7,VERO,C,1,6,,
7,B,1,8,HYGL,T,1,5,,
7,B,1,9,PLDE,E,2,NA,,
7,B,2,1,POLE,C,2,0,,
7,B,2,2,HYGL,E,3,0,,
7,B,2,3,TROR,C,2,4,,
7,B,2,4,TROR,C,1,10,,
7,B,2,5,TROR,C,3,9,,
7,B,2,6,POLE,T,1,0,,
7,B,2,7,TRCY,E,2,11,,
7,B,2,8,PLDE,T,2,NA,,
7,B,2,9,TRCY,T,2,11,,
7,B,3,1,PLDE,C,1,NA,,
7,B,3,2,PLDE,C,2,NA,,
7,B,3,3,ARCA,C,3,7,,
7,B,3,4,POLE,E,3,0,,
7,B,3,5,TROR,E,1,10,,
7,B,3,6,VERO,E,3,5,,
7,B,3,7,PLDE,E,1,NA,,
7,B,3,8,LARO,E,3,11,,
7,B,3,9,PEAI,T,1,0,,
7,B,4,1,VERO,T,1,6,,
7,B,4,2,TROR,T,1,3,,
7,B,4,3,TROR,E,2,2,,
7,B,4,4,PEAI,C,3,7,,
7,B,4,5,POLE,C,3,0,,
7,B,4,6,VERO,E,1,0,,
7,B,4,7,LARO,C,1,6,,
7,B,4,8,VERO,C,2,10,,
7,B,4,9,ARCA,E,3,5,,
7,B,5,1,PEAI,C,1,7,,
7,B,5,2,PLDE,E,3,NA,,
7,B,5,8,LARO,C,3,7,,
7,B,5,9,POLE,E,2,2,,
7,B,6,1,TROR,E,3,4,,
7,B,6,2,POLE,E,1,0,,
7,B,6,8,HYGL,E,2,2,,
7,B,6,9,LARO,T,2,5,,
7,B,7,1,VERO,T,2,8,,
7,B,7,2,TRCY,C,3,5,,
7,B,7,8,VERO,E,2,5,,
7,B,7,9,LARO,E,1,8,,
7,B,8,1,PLDE,C,3,NA,,
7,B,8,2,LARO,T,1,5,,
7,B,8,3,TRCY,C,2,4,,
7,B,8,4,HYGL,C,2,6,,
7,B,8,6,ARCA,C,2,1,,
7,B,8,7,PEAI,E,3,10,,
7,B,8,8,POLE,C,1,6,,
7,B,8,9,PEAI,E,2,4,,
7,B,9,1,TROR,T,2,1,,
7,B,9,2,VERO,C,3,3,,
7,B,9,3,TRCY,E,3,5,,
7,B,9,4,HYGL,E,1,1,,
7,B,9,6,HYGL,C,3,0,,
7,B,9,7,PEAI,E,1,9,,
7,B,9,8,TRCY,T,1,11,,
7,B,9,9,ARCA,E,1,10,,
7,B,10,1,ARCA,T,1,2,,
7,B,10,2,LARO,C,2,6,,
7,B,10,3,TRCY,C,1,10,,
7,B,10,4,PLDE,T,1,NA,,
7,B,10,6,HYGL,T,2,0,,
7,B,10,7,PEAI,T,2,8,,
7,B,10,8,ARCA,E,2,5,,
7,B,10,9,TRCY,E,1,3,,
7,C,1,1,TROR,T,1,7,,
7,C,1,2,TROR,T,2,10,,
7,C,1,3,PLDE,T,1,NA,,
7,C,1,4,PLDE,C,1,NA,,
7,C,1,5,ARCA,E,1,0,,
7,C,1,6,ARCA,T,1,1,,
7,C,1,7,POLE,T,2,0,,
7,C,1,8,POLE,E,3,3,,
7,C,1,9,PLDE,E,2,NA,,
7,C,2,1,TRCY,T,2,8,,
7,C,2,2,LARO,E,3,6,,
7,C,2,3,TROR,E,2,10,,
7,C,2,4,TRCY,E,2,10,,
7,C,2,5,PEAI,C,3,4,,
7,C,2,6,TROR,E,1,3,,
7,C,2,7,ARCA,C,1,1,,
7,C,2,8,LARO,C,2,5,,
7,C,2,9,HYGL,C,1,2,,
7,C,3,1,TRCY,C,2,10,,
7,C,3,2,POLE,C,1,0,,
7,C,3,3,PLDE,C,3,NA,,
7,C,3,4,PLDE,E,1,NA,,
7,C,3,5,HYGL,E,2,1,,
7,C,3,6,PEAI,E,1,9,,
7,C,3,7,PEAI,C,2,7,,
7,C,3,8,VERO,E,3,4,,
7,C,3,9,ARCA,T,2,5,,
7,C,4,1,ARCA,E,3,1,,
7,C,4,2,TRCY,C,1,6,,
7,C,4,3,VERO,T,2,7,,
7,C,4,4,TROR,C,3,7,,
7,C,4,5,TRCY,T,1,7,,
7,C,4,6,HYGL,E,3,0,,
7,C,4,7,VERO,E,1,8,,
7,C,4,8,VERO,E,2,6,,
7,C,4,9,PEAI,T,1,10,,
7,C,5,1,TROR,C,1,7,,
7,C,5,2,TRCY,E,1,12,,
7,C,5,8,LARO,T,1,7,,
7,C,5,9,ARCA,C,2,0,,
7,C,6,1,HYGL,C,2,1,,
7,C,6,2,PEAI,E,3,7,,
7,C,6,8,TROR,C,2,6,,
7,C,6,9,POLE,C,2,0,,
7,C,7,1,HYGL,E,1,10,,
7,C,7,2,VERO,C,3,8,,
7,C,7,8,PEAI,C,1,5,,
7,C,7,9,LARO,T,2,2,,
7,C,8,1,LARO,C,1,6,,
7,C,8,2,TRCY,C,3,11,,
7,C,8,3,PEAI,T,2,5,,
7,C,8,4,HYGL,C,3,0,,
7,C,8,6,POLE,C,3,0,,
7,C,8,7,PLDE,E,3,NA,,
7,C,8,8,POLE,E,1,1,,
7,C,8,9,POLE,E,2,0,,
7,C,9,1,VERO,C,2,7,,
7,C,9,2,TRCY,E,3,11,,
7,C,9,3,ARCA,C,3,5,,
7,C,9,4,HYGL,T,2,0,,
7,C,9,6,POLE,T,1,2,,
7,C,9,7,TROR,E,3,6,,
7,C,9,8,LARO,E,1,6,,
7,C,9,9,LARO,C,3,2,,
7,C,10,1,VERO,C,1,4,,
7,C,10,2,PEAI,E,2,9,,
7,C,10,3,ARCA,E,2,1,,
7,C,10,4,VERO,T,1,8,,
7,C,10,6,PLDE,C,2,NA,,
7,C,10,7,PLDE,T,2,NA,,
7,C,10,8,HYGL,T,1,7,,
7,C,10,9,LARO,E,2,12,,
8,A,1,1,TROR,C,3,5,,
8,A,1,2,TRCY,C,3,0,,
8,A,1,3,POLE,C,2,0,,
8,A,1,4,TROR,T,1,0,,
8,A,1,5,LARO,T,2,6,,
8,A,1,6,ARCA,C,1,6,,
8,A,1,7,PLDE,E,2,NA,,
8,A,1,8,TROR,E,2,0,,
8,A,1,9,POLE,T,2,0,,
8,A,2,1,PLDE,C,2,NA,,
8,A,2,2,PEAI,T,1,0,,
8,A,2,3,HYGL,C,3,0,,
8,A,2,4,POLE,C,1,0,,
8,A,2,5,PLDE,C,1,NA,,
8,A,2,6,ARCA,C,2,8,,
8,A,2,7,TRCY,C,1,0,,
8,A,2,8,TRCY,T,1,1,,
8,A,2,9,PEAI,T,2,1,,
8,A,3,1,VERO,C,2,0,,
8,A,3,2,Blank,NA,NA,NA,,
8,A,3,3,VERO,C,3,0,,
8,A,3,4,PEAI,C,2,1,,
8,A,3,5,POLE,E,2,0,,
8,A,3,6,TRCY,E,3,4,,
8,A,3,7,POLE,C,3,0,,
8,A,3,8,HYGL,T,1,4,,
8,A,3,9,POLE,E,1,0,,
8,A,4,1,LARO,C,1,3,,
8,A,4,2,PEAI,C,3,7,,
8,A,4,3,TRCY,E,2,0,,
8,A,4,4,VERO,E,1,1,,
8,A,4,5,VERO,T,1,4,,
8,A,4,6,PEAI,E,2,4,,
8,A,4,7,HYGL,T,2,4,,
8,A,4,8,ARCA,T,1,2,,
8,A,4,9,PEAI,E,1,5,,
8,A,5,1,LARO,E,3,6,,
8,A,5,2,HYGL,C,1,1,,
8,A,5,8,LARO,E,1,7,,
8,A,5,9,PEAI,E,3,6,,
8,A,6,1,TROR,E,1,0,,
8,A,6,2,ARCA,E,3,8,,
8,A,6,8,POLE,E,3,1,,
8,A,6,9,POLE,T,1,0,,
8,A,7,1,TRCY,C,2,0,,
8,A,7,2,VERO,E,2,2,,
8,A,7,8,ARCA,T,2,4,,
8,A,7,9,HYGL,E,1,0,,
8,A,8,1,ARCA,C,3,4,,
8,A,8,2,VERO,E,3,5,,
8,A,8,3,HYGL,E,3,1,,
8,A,8,4,PLDE,T,2,NA,,
8,A,8,6,PLDE,E,3,NA,,
8,A,8,7,ARCA,E,2,0,,
8,A,8,8,HYGL,C,2,2?,,
8,A,8,9,VERO,T,2,4,,
8,A,9,1,TROR,T,2,0,,
8,A,9,2,LARO,C,3,3,,
8,A,9,3,TROR,C,2,1,,
8,A,9,4,TRCY,E,1,0,,
8,A,9,6,PEAI,C,1,5,,
8,A,9,7,Blank,NA,NA,NA,,
8,A,9,8,VERO,C,1,5,,
8,A,9,9,LARO,E,2,6,,
8,A,10,1,HYGL,E,2,3,,
8,A,10,2,PLDE,E,1,NA,,
8,A,10,3,LARO,C,2,6,,
8,A,10,4,LARO,T,1,5,,
8,A,10,6,TRCY,T,2,0,,
8,A,10,7,TROR,C,1,0,,
8,A,10,8,ARCA,E,1,2,,
8,A,10,9,TROR,E,3,0,,
8,B,1,1,PLDE,C,1,NA,,
8,B,1,2,PLDE,E,3,NA,,
8,B,1,3,VERO,E,2,0,,
8,B,1,4,LARO,E,3,8,,
8,B,1,5,PLDE,E,2,NA,,
8,B,1,6,VERO,T,1,1,,
8,B,1,7,POLE,E,1,0,,
8,B,1,8,LARO,C,2,3,,
8,B,1,9,TROR,C,1,0,,
8,B,2,1,PEAI,C,2,0,,
8,B,2,2,PEAI,T,1,0,,
8,B,2,3,TRCY,C,3,0,,
8,B,2,4,POLE,C,3,0,,
8,B,2,5,POLE,T,1,0,,
8,B,2,6,PLDE,T,1,NA,,
8,B,2,7,ARCA,C,2,1,,
8,B,2,8,LARO,C,1,0,,
8,B,2,9,ARCA,E,3,0,,
8,B,3,1,TRCY,T,2,0,,
8,B,3,2,LARO,T,1,1,,
8,B,3,3,LARO,E,1,1,,
8,B,3,4,TRCY,E,3,9,,
8,B,3,5,ARCA,C,1,0,,
8,B,3,6,VERO,C,2,0,,
8,B,3,7,POLE,T,2,0,,
8,B,3,8,HYGL,T,1,0,,
8,B,3,9,ARCA,C,3,0,,
8,B,4,1,TROR,E,2,0,,
8,B,4,2,VERO,C,3,0,,
8,B,4,3,POLE,C,1,0,,
8,B,4,4,TRCY,E,2,4,,
8,B,4,5,HYGL,C,1,0,,
8,B,4,6,PEAI,C,1,5,,
8,B,4,7,PEAI,T,2,0,,
8,B,4,8,PEAI,E,2,0,,
8,B,4,9,ARCA,E,2,0,,
8,B,5,1,TROR,E,3,0,,
8,B,5,2,VERO,C,1,0,,
8,B,5,8,PEAI,C,3,4,,
8,B,5,9,LARO,C,3,1,,
8,B,6,1,PLDE,E,1,NA,,
8,B,6,2,PEAI,E,1,0,,
8,B,6,8,POLE,E,3,1,,
8,B,6,9,LARO,T,2,3,,
8,B,7,1,TROR,T,1,4,,
8,B,7,2,POLE,E,2,0,,
8,B,7,8,TROR,E,1,5,,
8,B,7,9,TROR,C,3,6,,
8,B,8,1,TRCY,E,1,8,,
8,B,8,2,PLDE,C,3,NA,,
8,B,8,3,POLE,C,2,0,,
8,B,8,4,HYGL,C,3,0,,
8,B,8,6,ARCA,E,1,5,,
8,B,8,7,HYGL,T,2,1,,
8,B,8,8,VERO,E,1,0,,
8,B,8,9,ARCA,T,1,2,,
8,B,9,1,HYGL,E,3,0,,
8,B,9,2,ARCA,T,2,4,,
8,B,9,3,TROR,C,2,3,,
8,B,9,4,TRCY,T,1,0,,
8,B,9,6,PLDE,T,2,NA,,
8,B,9,7,LARO,E,2,2,,
8,B,9,8,PEAI,E,3,1,,
8,B,9,9,TROR,T,2,2,,
8,B,10,1,TRCY,C,1,3,,
8,B,10,2,HYGL,C,2,0,,
8,B,10,3,VERO,T,2,0,,
8,B,10,4,HYGL,E,1,0,,
8,B,10,6,VERO,E,3,0,,
8,B,10,7,HYGL,E,2,0,,
8,B,10,8,TRCY,C,2,3,,
8,B,10,9,PLDE,C,2,NA,,
8,C,1,1,ARCA,T,2,4,,
8,C,1,2,PEAI,T,2,6,,
8,C,1,3,PLDE,T,2,NA,,
8,C,1,4,ARCA,E,3,7,,
8,C,1,5,PLDE,E,3,NA,,
8,C,1,6,TROR,E,2,0,,
8,C,1,7,ARCA,C,2,2,,
8,C,1,8,TRCY,E,1,1,,
8,C,1,9,PEAI,E,1,0,,
8,C,2,1,TRCY,C,3,1,,
8,C,2,2,POLE,C,3,0,,
8,C,2,3,POLE,E,1,0,,
8,C,2,4,LARO,T,1,1,,
8,C,2,5,VERO,T,1,2,,
8,C,2,6,VERO,T,2,0,,
8,C,2,7,ARCA,T,1,0,,
8,C,2,8,TROR,E,1,0,,
8,C,2,9,HYGL,C,2,0,,
8,C,3,1,LARO,C,1,5,,
8,C,3,2,HYGL,T,1,2,,
8,C,3,3,PLDE,C,1,NA,,
8,C,3,4,HYGL,E,2,0,,
8,C,3,5,PEAI,C,1,8,,
8,C,3,6,POLE,E,2,0,,
8,C,3,7,PLDE,E,1,NA,,
8,C,3,8,TROR,T,1,0,,
8,C,3,9,HYGL,T,2,0,,
8,C,4,1,LARO,E,3,6,,
8,C,4,2,LARO,C,2,1,,
8,C,4,3,LARO,E,1,2,,
8,C,4,4,POLE,C,1,0,,
8,C,4,5,VERO,E,2,1,,
8,C,4,6,POLE,C,2,0,,
8,C,4,7,PLDE,C,2,NA,,
8,C,4,8,ARCA,C,3,7,,
8,C,4,9,VERO,C,3,0,,
8,C,5,1,PLDE,T,1,NA,,
8,C,5,2,POLE,T,2,0,,
8,C,5,8,PEAI,E,2,6,,
8,C,5,9,TRCY,E,3,0,,
8,C,6,1,TROR,T,2,2,,
8,C,6,2,TROR,C,3,0,,
8,C,6,8,PEAI,T,1,10,,
8,C,6,9,HYGL,E,3,0,,
8,C,7,1,LARO,E,2,1,,
8,C,7,2,VERO,E,1,0,,
8,C,7,8,VERO,C,2,0,,
8,C,7,9,PEAI,C,3,3,,
8,C,8,1,HYGL,C,3,0,,
8,C,8,2,ARCA,E,2,2,,
8,C,8,3,LARO,C,3,8,,
8,C,8,4,TROR,E,3,0,,
8,C,8,6,PEAI,C,2,0,,
8,C,8,7,Blank,NA,NA,NA,,
8,C,8,8,ARCA,C,1,0,,
8,C,8,9,POLE,T,1,0,,
8,C,9,1,VERO,C,1,3,,
8,C,9,2,PEAI,E,3,3,,
8,C,9,3,HYGL,C,1,1,,
8,C,9,4,TRCY,T,1,3,,
8,C,9,6,Blank,NA,NA,NA,,
8,C,9,7,TRCY,E,2,1,,
8,C,9,8,LARO,T,2,4,,
8,C,9,9,TRCY,C,2,11,,
8,C,10,1,POLE,E,3,0,,
8,C,10,2,TRCY,C,1,8,,
8,C,10,3,TRCY,T,2,3,,
8,C,10,4,HYGL,E,1,0,,
8,C,10,6,TROR,C,1,0,,
8,C,10,7,VERO,E,3,0,,
8,C,10,8,ARCA,E,1,0,,
8,C,10,9,TROR,C,2,0,,
