year,genus,species,researcher,location,field_chambers,treatment_type_1,treatment_1,treatment_type_2,treatment_2,treatment_type_3,Treatment_3,field_number_seeds,field_seeds_scaled_viability,field_number_germinants,chamber_temperature_day,chamber_temperature_night,chamber_light_hrs,chamber_length_days,chamber_number_seeds,chamber_number_germinants,TZ_number_stained,TZ_number_viable,TZ_number_nonviable
2016,Hyalosperma,glutinosum glutinosum,Maia_Raymundo,Perenjori,field,#N/A,#N/A,#N/A,#N/A,#N/A,#N/A,30,9,0,#N/A,#N/A,#N/A,#N/A,#N/A,#N/A,#N/A,#N/A,#N/A
2016,Hyalosperma,glutinosum glutinosum,Maia_Raymundo,Perenjori,field,#N/A,#N/A,#N/A,#N/A,#N/A,#N/A,30,9,3,#N/A,#N/A,#N/A,#N/A,#N/A,#N/A,#N/A,#N/A,#N/A
2016,Hyalosperma,glutinosum glutinosum,Maia_Raymundo,Perenjori,field,#N/A,#N/A,#N/A,#N/A,#N/A,#N/A,30,9,5,#N/A,#N/A,#N/A,#N/A,#N/A,#N/A,#N/A,#N/A,#N/A
2016,Hyalosperma,glutinosum glutinosum,Maia_Raymundo,Perenjori,field,#N/A,#N/A,#N/A,#N/A,#N/A,#N/A,30,9,0,#N/A,#N/A,#N/A,#N/A,#N/A,#N/A,#N/A,#N/A,#N/A
2016,Hyalosperma,glutinosum glutinosum,Maia_Raymundo,Perenjori,field,#N/A,#N/A,#N/A,#N/A,#N/A,#N/A,30,9,10,#N/A,#N/A,#N/A,#N/A,#N/A,#N/A,#N/A,#N/A,#N/A
2016,Hyalosperma,glutinosum glutinosum,Maia_Raymundo,Perenjori,field,#N/A,#N/A,#N/A,#N/A,#N/A,#N/A,30,9,4,#N/A,#N/A,#N/A,#N/A,#N/A,#N/A,#N/A,#N/A,#N/A
2016,Hyalosperma,glutinosum glutinosum,Maia_Raymundo,Perenjori,field,#N/A,#N/A,#N/A,#N/A,#N/A,#N/A,30,9,6,#N/A,#N/A,#N/A,#N/A,#N/A,#N/A,#N/A,#N/A,#N/A
2016,Hyalosperma,glutinosum glutinosum,Maia_Raymundo,Perenjori,field,#N/A,#N/A,#N/A,#N/A,#N/A,#N/A,30,9,16,#N/A,#N/A,#N/A,#N/A,#N/A,#N/A,#N/A,#N/A,#N/A
2016,Hyalosperma,glutinosum glutinosum,Maia_Raymundo,Perenjori,field,#N/A,#N/A,#N/A,#N/A,#N/A,#N/A,30,9,3,#N/A,#N/A,#N/A,#N/A,#N/A,#N/A,#N/A,#N/A,#N/A
2016,Hyalosperma,glutinosum glutinosum,Maia_Raymundo,Perenjori,field,#N/A,#N/A,#N/A,#N/A,#N/A,#N/A,30,9,1,#N/A,#N/A,#N/A,#N/A,#N/A,#N/A,#N/A,#N/A,#N/A
2016,Hyalosperma,glutinosum glutinosum,Maia_Raymundo,Perenjori,field,#N/A,#N/A,#N/A,#N/A,#N/A,#N/A,30,9,0,#N/A,#N/A,#N/A,#N/A,#N/A,#N/A,#N/A,#N/A,#N/A
2016,Hyalosperma,glutinosum glutinosum,Maia_Raymundo,Perenjori,field,#N/A,#N/A,#N/A,#N/A,#N/A,#N/A,30,9,0,#N/A,#N/A,#N/A,#N/A,#N/A,#N/A,#N/A,#N/A,#N/A
2016,Hyalosperma,glutinosum glutinosum,Maia_Raymundo,Perenjori,field,#N/A,#N/A,#N/A,#N/A,#N/A,#N/A,30,9,2,#N/A,#N/A,#N/A,#N/A,#N/A,#N/A,#N/A,#N/A,#N/A
2016,Hyalosperma,glutinosum glutinosum,Maia_Raymundo,Perenjori,field,#N/A,#N/A,#N/A,#N/A,#N/A,#N/A,30,9,12,#N/A,#N/A,#N/A,#N/A,#N/A,#N/A,#N/A,#N/A,#N/A
2016,Hyalosperma,glutinosum glutinosum,Maia_Raymundo,Perenjori,field,#N/A,#N/A,#N/A,#N/A,#N/A,#N/A,30,9,10,#N/A,#N/A,#N/A,#N/A,#N/A,#N/A,#N/A,#N/A,#N/A
2016,Hyalosperma,glutinosum glutinosum,Maia_Raymundo,Perenjori,field,#N/A,#N/A,#N/A,#N/A,#N/A,#N/A,30,9,1,#N/A,#N/A,#N/A,#N/A,#N/A,#N/A,#N/A,#N/A,#N/A
2016,Hyalosperma,glutinosum glutinosum,Maia_Raymundo,Perenjori,field,#N/A,#N/A,#N/A,#N/A,#N/A,#N/A,30,9,2,#N/A,#N/A,#N/A,#N/A,#N/A,#N/A,#N/A,#N/A,#N/A
2016,Hyalosperma,glutinosum glutinosum,Maia_Raymundo,Perenjori,field,#N/A,#N/A,#N/A,#N/A,#N/A,#N/A,30,9,2,#N/A,#N/A,#N/A,#N/A,#N/A,#N/A,#N/A,#N/A,#N/A
2016,Hyalosperma,glutinosum glutinosum,Maia_Raymundo,Perenjori,field,#N/A,#N/A,#N/A,#N/A,#N/A,#N/A,30,9,2,#N/A,#N/A,#N/A,#N/A,#N/A,#N/A,#N/A,#N/A,#N/A
2016,Hyalosperma,glutinosum glutinosum,Maia_Raymundo,Perenjori,field,#N/A,#N/A,#N/A,#N/A,#N/A,#N/A,30,9,5,#N/A,#N/A,#N/A,#N/A,#N/A,#N/A,#N/A,#N/A,#N/A
2016,Hyalosperma,glutinosum glutinosum,Maia_Raymundo,Perenjori,field,#N/A,#N/A,#N/A,#N/A,#N/A,#N/A,30,9,14,#N/A,#N/A,#N/A,#N/A,#N/A,#N/A,#N/A,#N/A,#N/A
2016,Hyalosperma,glutinosum glutinosum,Maia_Raymundo,Perenjori,field,#N/A,#N/A,#N/A,#N/A,#N/A,#N/A,30,9,3,#N/A,#N/A,#N/A,#N/A,#N/A,#N/A,#N/A,#N/A,#N/A
2016,Hyalosperma,glutinosum glutinosum,Maia_Raymundo,Perenjori,field,#N/A,#N/A,#N/A,#N/A,#N/A,#N/A,30,9,0,#N/A,#N/A,#N/A,#N/A,#N/A,#N/A,#N/A,#N/A,#N/A
2016,Hyalosperma,glutinosum glutinosum,Maia_Raymundo,Perenjori,field,#N/A,#N/A,#N/A,#N/A,#N/A,#N/A,30,9,0,#N/A,#N/A,#N/A,#N/A,#N/A,#N/A,#N/A,#N/A,#N/A
2016,Hyalosperma,glutinosum glutinosum,Maia_Raymundo,Perenjori,field,#N/A,#N/A,#N/A,#N/A,#N/A,#N/A,30,9,4,#N/A,#N/A,#N/A,#N/A,#N/A,#N/A,#N/A,#N/A,#N/A
2016,Hyalosperma,glutinosum glutinosum,Maia_Raymundo,Perenjori,field,#N/A,#N/A,#N/A,#N/A,#N/A,#N/A,30,9,3,#N/A,#N/A,#N/A,#N/A,#N/A,#N/A,#N/A,#N/A,#N/A
2016,Hyalosperma,glutinosum glutinosum,Maia_Raymundo,Perenjori,field,#N/A,#N/A,#N/A,#N/A,#N/A,#N/A,30,9,1,#N/A,#N/A,#N/A,#N/A,#N/A,#N/A,#N/A,#N/A,#N/A
2016,Hyalosperma,glutinosum glutinosum,Maia_Raymundo,Perenjori,field,#N/A,#N/A,#N/A,#N/A,#N/A,#N/A,30,9,2,#N/A,#N/A,#N/A,#N/A,#N/A,#N/A,#N/A,#N/A,#N/A
2016,Hyalosperma,glutinosum glutinosum,Maia_Raymundo,Perenjori,field,#N/A,#N/A,#N/A,#N/A,#N/A,#N/A,30,9,5,#N/A,#N/A,#N/A,#N/A,#N/A,#N/A,#N/A,#N/A,#N/A
2016,Hyalosperma,glutinosum glutinosum,Maia_Raymundo,Perenjori,field,#N/A,#N/A,#N/A,#N/A,#N/A,#N/A,30,9,9,#N/A,#N/A,#N/A,#N/A,#N/A,#N/A,#N/A,#N/A,#N/A
2016,Lawrencella,rosea,Maia_Raymundo,Perenjori,field,#N/A,#N/A,#N/A,#N/A,#N/A,#N/A,30,18,5,#N/A,#N/A,#N/A,#N/A,#N/A,#N/A,#N/A,#N/A,#N/A
2016,Lawrencella,rosea,Maia_Raymundo,Perenjori,field,#N/A,#N/A,#N/A,#N/A,#N/A,#N/A,30,18,2,#N/A,#N/A,#N/A,#N/A,#N/A,#N/A,#N/A,#N/A,#N/A
2016,Lawrencella,rosea,Maia_Raymundo,Perenjori,field,#N/A,#N/A,#N/A,#N/A,#N/A,#N/A,30,18,7,#N/A,#N/A,#N/A,#N/A,#N/A,#N/A,#N/A,#N/A,#N/A
2016,Lawrencella,rosea,Maia_Raymundo,Perenjori,field,#N/A,#N/A,#N/A,#N/A,#N/A,#N/A,30,18,3,#N/A,#N/A,#N/A,#N/A,#N/A,#N/A,#N/A,#N/A,#N/A
2016,Lawrencella,rosea,Maia_Raymundo,Perenjori,field,#N/A,#N/A,#N/A,#N/A,#N/A,#N/A,30,18,4,#N/A,#N/A,#N/A,#N/A,#N/A,#N/A,#N/A,#N/A,#N/A
2016,Lawrencella,rosea,Maia_Raymundo,Perenjori,field,#N/A,#N/A,#N/A,#N/A,#N/A,#N/A,30,18,2,#N/A,#N/A,#N/A,#N/A,#N/A,#N/A,#N/A,#N/A,#N/A
2016,Lawrencella,rosea,Maia_Raymundo,Perenjori,field,#N/A,#N/A,#N/A,#N/A,#N/A,#N/A,30,18,2,#N/A,#N/A,#N/A,#N/A,#N/A,#N/A,#N/A,#N/A,#N/A
2016,Lawrencella,rosea,Maia_Raymundo,Perenjori,field,#N/A,#N/A,#N/A,#N/A,#N/A,#N/A,30,18,13,#N/A,#N/A,#N/A,#N/A,#N/A,#N/A,#N/A,#N/A,#N/A
2016,Lawrencella,rosea,Maia_Raymundo,Perenjori,field,#N/A,#N/A,#N/A,#N/A,#N/A,#N/A,30,18,3,#N/A,#N/A,#N/A,#N/A,#N/A,#N/A,#N/A,#N/A,#N/A
2016,Lawrencella,rosea,Maia_Raymundo,Perenjori,field,#N/A,#N/A,#N/A,#N/A,#N/A,#N/A,30,18,2,#N/A,#N/A,#N/A,#N/A,#N/A,#N/A,#N/A,#N/A,#N/A
2016,Lawrencella,rosea,Maia_Raymundo,Perenjori,field,#N/A,#N/A,#N/A,#N/A,#N/A,#N/A,30,18,6,#N/A,#N/A,#N/A,#N/A,#N/A,#N/A,#N/A,#N/A,#N/A
2016,Lawrencella,rosea,Maia_Raymundo,Perenjori,field,#N/A,#N/A,#N/A,#N/A,#N/A,#N/A,30,18,4,#N/A,#N/A,#N/A,#N/A,#N/A,#N/A,#N/A,#N/A,#N/A
2016,Lawrencella,rosea,Maia_Raymundo,Perenjori,field,#N/A,#N/A,#N/A,#N/A,#N/A,#N/A,30,18,7,#N/A,#N/A,#N/A,#N/A,#N/A,#N/A,#N/A,#N/A,#N/A
2016,Lawrencella,rosea,Maia_Raymundo,Perenjori,field,#N/A,#N/A,#N/A,#N/A,#N/A,#N/A,30,18,11,#N/A,#N/A,#N/A,#N/A,#N/A,#N/A,#N/A,#N/A,#N/A
2016,Lawrencella,rosea,Maia_Raymundo,Perenjori,field,#N/A,#N/A,#N/A,#N/A,#N/A,#N/A,30,18,7,#N/A,#N/A,#N/A,#N/A,#N/A,#N/A,#N/A,#N/A,#N/A
2016,Lawrencella,rosea,Maia_Raymundo,Perenjori,field,#N/A,#N/A,#N/A,#N/A,#N/A,#N/A,30,18,5,#N/A,#N/A,#N/A,#N/A,#N/A,#N/A,#N/A,#N/A,#N/A
2016,Lawrencella,rosea,Maia_Raymundo,Perenjori,field,#N/A,#N/A,#N/A,#N/A,#N/A,#N/A,30,18,11,#N/A,#N/A,#N/A,#N/A,#N/A,#N/A,#N/A,#N/A,#N/A
2016,Lawrencella,rosea,Maia_Raymundo,Perenjori,field,#N/A,#N/A,#N/A,#N/A,#N/A,#N/A,30,18,2,#N/A,#N/A,#N/A,#N/A,#N/A,#N/A,#N/A,#N/A,#N/A
2016,Lawrencella,rosea,Maia_Raymundo,Perenjori,field,#N/A,#N/A,#N/A,#N/A,#N/A,#N/A,30,18,3,#N/A,#N/A,#N/A,#N/A,#N/A,#N/A,#N/A,#N/A,#N/A
2016,Lawrencella,rosea,Maia_Raymundo,Perenjori,field,#N/A,#N/A,#N/A,#N/A,#N/A,#N/A,30,18,5,#N/A,#N/A,#N/A,#N/A,#N/A,#N/A,#N/A,#N/A,#N/A
2016,Lawrencella,rosea,Maia_Raymundo,Perenjori,field,#N/A,#N/A,#N/A,#N/A,#N/A,#N/A,30,18,1,#N/A,#N/A,#N/A,#N/A,#N/A,#N/A,#N/A,#N/A,#N/A
2016,Lawrencella,rosea,Maia_Raymundo,Perenjori,field,#N/A,#N/A,#N/A,#N/A,#N/A,#N/A,30,18,1,#N/A,#N/A,#N/A,#N/A,#N/A,#N/A,#N/A,#N/A,#N/A
2016,Lawrencella,rosea,Maia_Raymundo,Perenjori,field,#N/A,#N/A,#N/A,#N/A,#N/A,#N/A,30,18,0,#N/A,#N/A,#N/A,#N/A,#N/A,#N/A,#N/A,#N/A,#N/A
2016,Lawrencella,rosea,Maia_Raymundo,Perenjori,field,#N/A,#N/A,#N/A,#N/A,#N/A,#N/A,30,18,0,#N/A,#N/A,#N/A,#N/A,#N/A,#N/A,#N/A,#N/A,#N/A
2016,Lawrencella,rosea,Maia_Raymundo,Perenjori,field,#N/A,#N/A,#N/A,#N/A,#N/A,#N/A,30,18,7,#N/A,#N/A,#N/A,#N/A,#N/A,#N/A,#N/A,#N/A,#N/A
2016,Lawrencella,rosea,Maia_Raymundo,Perenjori,field,#N/A,#N/A,#N/A,#N/A,#N/A,#N/A,30,18,3,#N/A,#N/A,#N/A,#N/A,#N/A,#N/A,#N/A,#N/A,#N/A
2016,Lawrencella,rosea,Maia_Raymundo,Perenjori,field,#N/A,#N/A,#N/A,#N/A,#N/A,#N/A,30,18,3,#N/A,#N/A,#N/A,#N/A,#N/A,#N/A,#N/A,#N/A,#N/A
2016,Lawrencella,rosea,Maia_Raymundo,Perenjori,field,#N/A,#N/A,#N/A,#N/A,#N/A,#N/A,30,18,3,#N/A,#N/A,#N/A,#N/A,#N/A,#N/A,#N/A,#N/A,#N/A
2016,Lawrencella,rosea,Maia_Raymundo,Perenjori,field,#N/A,#N/A,#N/A,#N/A,#N/A,#N/A,30,18,1,#N/A,#N/A,#N/A,#N/A,#N/A,#N/A,#N/A,#N/A,#N/A
2016,Lawrencella,rosea,Maia_Raymundo,Perenjori,field,#N/A,#N/A,#N/A,#N/A,#N/A,#N/A,30,18,0,#N/A,#N/A,#N/A,#N/A,#N/A,#N/A,#N/A,#N/A,#N/A
2016,Trachymene,cyanopetala,Maia_Raymundo,Perenjori,field,#N/A,#N/A,#N/A,#N/A,#N/A,#N/A,30,18,5,#N/A,#N/A,#N/A,#N/A,#N/A,#N/A,#N/A,#N/A,#N/A
2016,Trachymene,cyanopetala,Maia_Raymundo,Perenjori,field,#N/A,#N/A,#N/A,#N/A,#N/A,#N/A,30,18,1,#N/A,#N/A,#N/A,#N/A,#N/A,#N/A,#N/A,#N/A,#N/A
2016,Trachymene,cyanopetala,Maia_Raymundo,Perenjori,field,#N/A,#N/A,#N/A,#N/A,#N/A,#N/A,30,18,5,#N/A,#N/A,#N/A,#N/A,#N/A,#N/A,#N/A,#N/A,#N/A
2016,Trachymene,cyanopetala,Maia_Raymundo,Perenjori,field,#N/A,#N/A,#N/A,#N/A,#N/A,#N/A,30,18,0,#N/A,#N/A,#N/A,#N/A,#N/A,#N/A,#N/A,#N/A,#N/A
2016,Trachymene,cyanopetala,Maia_Raymundo,Perenjori,field,#N/A,#N/A,#N/A,#N/A,#N/A,#N/A,30,18,4,#N/A,#N/A,#N/A,#N/A,#N/A,#N/A,#N/A,#N/A,#N/A
2016,Trachymene,cyanopetala,Maia_Raymundo,Perenjori,field,#N/A,#N/A,#N/A,#N/A,#N/A,#N/A,30,18,0,#N/A,#N/A,#N/A,#N/A,#N/A,#N/A,#N/A,#N/A,#N/A
2016,Trachymene,cyanopetala,Maia_Raymundo,Perenjori,field,#N/A,#N/A,#N/A,#N/A,#N/A,#N/A,30,18,0,#N/A,#N/A,#N/A,#N/A,#N/A,#N/A,#N/A,#N/A,#N/A
2016,Trachymene,cyanopetala,Maia_Raymundo,Perenjori,field,#N/A,#N/A,#N/A,#N/A,#N/A,#N/A,30,18,1,#N/A,#N/A,#N/A,#N/A,#N/A,#N/A,#N/A,#N/A,#N/A
2016,Trachymene,cyanopetala,Maia_Raymundo,Perenjori,field,#N/A,#N/A,#N/A,#N/A,#N/A,#N/A,30,18,5,#N/A,#N/A,#N/A,#N/A,#N/A,#N/A,#N/A,#N/A,#N/A
2016,Trachymene,cyanopetala,Maia_Raymundo,Perenjori,field,#N/A,#N/A,#N/A,#N/A,#N/A,#N/A,30,18,4,#N/A,#N/A,#N/A,#N/A,#N/A,#N/A,#N/A,#N/A,#N/A
2016,Trachymene,cyanopetala,Maia_Raymundo,Perenjori,field,#N/A,#N/A,#N/A,#N/A,#N/A,#N/A,30,18,0,#N/A,#N/A,#N/A,#N/A,#N/A,#N/A,#N/A,#N/A,#N/A
2016,Trachymene,cyanopetala,Maia_Raymundo,Perenjori,field,#N/A,#N/A,#N/A,#N/A,#N/A,#N/A,30,18,2,#N/A,#N/A,#N/A,#N/A,#N/A,#N/A,#N/A,#N/A,#N/A
2016,Trachymene,cyanopetala,Maia_Raymundo,Perenjori,field,#N/A,#N/A,#N/A,#N/A,#N/A,#N/A,30,18,4,#N/A,#N/A,#N/A,#N/A,#N/A,#N/A,#N/A,#N/A,#N/A
2016,Trachymene,cyanopetala,Maia_Raymundo,Perenjori,field,#N/A,#N/A,#N/A,#N/A,#N/A,#N/A,30,18,1,#N/A,#N/A,#N/A,#N/A,#N/A,#N/A,#N/A,#N/A,#N/A
2016,Trachymene,cyanopetala,Maia_Raymundo,Perenjori,field,#N/A,#N/A,#N/A,#N/A,#N/A,#N/A,30,18,1,#N/A,#N/A,#N/A,#N/A,#N/A,#N/A,#N/A,#N/A,#N/A
2016,Trachymene,cyanopetala,Maia_Raymundo,Perenjori,field,#N/A,#N/A,#N/A,#N/A,#N/A,#N/A,30,18,2,#N/A,#N/A,#N/A,#N/A,#N/A,#N/A,#N/A,#N/A,#N/A
2016,Trachymene,cyanopetala,Maia_Raymundo,Perenjori,field,#N/A,#N/A,#N/A,#N/A,#N/A,#N/A,30,18,0,#N/A,#N/A,#N/A,#N/A,#N/A,#N/A,#N/A,#N/A,#N/A
2016,Trachymene,cyanopetala,Maia_Raymundo,Perenjori,field,#N/A,#N/A,#N/A,#N/A,#N/A,#N/A,30,18,2,#N/A,#N/A,#N/A,#N/A,#N/A,#N/A,#N/A,#N/A,#N/A
2016,Trachymene,cyanopetala,Maia_Raymundo,Perenjori,field,#N/A,#N/A,#N/A,#N/A,#N/A,#N/A,30,18,0,#N/A,#N/A,#N/A,#N/A,#N/A,#N/A,#N/A,#N/A,#N/A
2016,Trachymene,cyanopetala,Maia_Raymundo,Perenjori,field,#N/A,#N/A,#N/A,#N/A,#N/A,#N/A,30,18,0,#N/A,#N/A,#N/A,#N/A,#N/A,#N/A,#N/A,#N/A,#N/A
2016,Trachymene,cyanopetala,Maia_Raymundo,Perenjori,field,#N/A,#N/A,#N/A,#N/A,#N/A,#N/A,30,18,0,#N/A,#N/A,#N/A,#N/A,#N/A,#N/A,#N/A,#N/A,#N/A
2016,Trachymene,cyanopetala,Maia_Raymundo,Perenjori,field,#N/A,#N/A,#N/A,#N/A,#N/A,#N/A,30,18,0,#N/A,#N/A,#N/A,#N/A,#N/A,#N/A,#N/A,#N/A,#N/A
2016,Trachymene,cyanopetala,Maia_Raymundo,Perenjori,field,#N/A,#N/A,#N/A,#N/A,#N/A,#N/A,30,18,0,#N/A,#N/A,#N/A,#N/A,#N/A,#N/A,#N/A,#N/A,#N/A
2016,Trachymene,cyanopetala,Maia_Raymundo,Perenjori,field,#N/A,#N/A,#N/A,#N/A,#N/A,#N/A,30,18,0,#N/A,#N/A,#N/A,#N/A,#N/A,#N/A,#N/A,#N/A,#N/A
2016,Trachymene,cyanopetala,Maia_Raymundo,Perenjori,field,#N/A,#N/A,#N/A,#N/A,#N/A,#N/A,30,18,0,#N/A,#N/A,#N/A,#N/A,#N/A,#N/A,#N/A,#N/A,#N/A
2016,Trachymene,cyanopetala,Maia_Raymundo,Perenjori,field,#N/A,#N/A,#N/A,#N/A,#N/A,#N/A,30,18,1,#N/A,#N/A,#N/A,#N/A,#N/A,#N/A,#N/A,#N/A,#N/A
2016,Trachymene,cyanopetala,Maia_Raymundo,Perenjori,field,#N/A,#N/A,#N/A,#N/A,#N/A,#N/A,30,18,1,#N/A,#N/A,#N/A,#N/A,#N/A,#N/A,#N/A,#N/A,#N/A
2016,Trachymene,cyanopetala,Maia_Raymundo,Perenjori,field,#N/A,#N/A,#N/A,#N/A,#N/A,#N/A,30,18,1,#N/A,#N/A,#N/A,#N/A,#N/A,#N/A,#N/A,#N/A,#N/A
2016,Trachymene,cyanopetala,Maia_Raymundo,Perenjori,field,#N/A,#N/A,#N/A,#N/A,#N/A,#N/A,30,18,0,#N/A,#N/A,#N/A,#N/A,#N/A,#N/A,#N/A,#N/A,#N/A
2016,Trachymene,cyanopetala,Maia_Raymundo,Perenjori,field,#N/A,#N/A,#N/A,#N/A,#N/A,#N/A,30,18,0,#N/A,#N/A,#N/A,#N/A,#N/A,#N/A,#N/A,#N/A,#N/A
2016,Trachymene,ornata,Maia_Raymundo,Perenjori,field,#N/A,#N/A,#N/A,#N/A,#N/A,#N/A,30,12,0,#N/A,#N/A,#N/A,#N/A,#N/A,#N/A,#N/A,#N/A,#N/A
2016,Trachymene,ornata,Maia_Raymundo,Perenjori,field,#N/A,#N/A,#N/A,#N/A,#N/A,#N/A,30,12,1,#N/A,#N/A,#N/A,#N/A,#N/A,#N/A,#N/A,#N/A,#N/A
2016,Trachymene,ornata,Maia_Raymundo,Perenjori,field,#N/A,#N/A,#N/A,#N/A,#N/A,#N/A,30,12,1,#N/A,#N/A,#N/A,#N/A,#N/A,#N/A,#N/A,#N/A,#N/A
2016,Trachymene,ornata,Maia_Raymundo,Perenjori,field,#N/A,#N/A,#N/A,#N/A,#N/A,#N/A,30,12,1,#N/A,#N/A,#N/A,#N/A,#N/A,#N/A,#N/A,#N/A,#N/A
2016,Trachymene,ornata,Maia_Raymundo,Perenjori,field,#N/A,#N/A,#N/A,#N/A,#N/A,#N/A,30,12,2,#N/A,#N/A,#N/A,#N/A,#N/A,#N/A,#N/A,#N/A,#N/A
2016,Trachymene,ornata,Maia_Raymundo,Perenjori,field,#N/A,#N/A,#N/A,#N/A,#N/A,#N/A,30,12,0,#N/A,#N/A,#N/A,#N/A,#N/A,#N/A,#N/A,#N/A,#N/A
2016,Trachymene,ornata,Maia_Raymundo,Perenjori,field,#N/A,#N/A,#N/A,#N/A,#N/A,#N/A,30,12,6,#N/A,#N/A,#N/A,#N/A,#N/A,#N/A,#N/A,#N/A,#N/A
2016,Trachymene,ornata,Maia_Raymundo,Perenjori,field,#N/A,#N/A,#N/A,#N/A,#N/A,#N/A,30,12,3,#N/A,#N/A,#N/A,#N/A,#N/A,#N/A,#N/A,#N/A,#N/A
2016,Trachymene,ornata,Maia_Raymundo,Perenjori,field,#N/A,#N/A,#N/A,#N/A,#N/A,#N/A,30,12,1,#N/A,#N/A,#N/A,#N/A,#N/A,#N/A,#N/A,#N/A,#N/A
2016,Trachymene,ornata,Maia_Raymundo,Perenjori,field,#N/A,#N/A,#N/A,#N/A,#N/A,#N/A,30,12,0,#N/A,#N/A,#N/A,#N/A,#N/A,#N/A,#N/A,#N/A,#N/A
2016,Trachymene,ornata,Maia_Raymundo,Perenjori,field,#N/A,#N/A,#N/A,#N/A,#N/A,#N/A,30,12,4,#N/A,#N/A,#N/A,#N/A,#N/A,#N/A,#N/A,#N/A,#N/A
2016,Trachymene,ornata,Maia_Raymundo,Perenjori,field,#N/A,#N/A,#N/A,#N/A,#N/A,#N/A,30,12,0,#N/A,#N/A,#N/A,#N/A,#N/A,#N/A,#N/A,#N/A,#N/A
2016,Trachymene,ornata,Maia_Raymundo,Perenjori,field,#N/A,#N/A,#N/A,#N/A,#N/A,#N/A,30,12,13,#N/A,#N/A,#N/A,#N/A,#N/A,#N/A,#N/A,#N/A,#N/A
2016,Trachymene,ornata,Maia_Raymundo,Perenjori,field,#N/A,#N/A,#N/A,#N/A,#N/A,#N/A,30,12,3,#N/A,#N/A,#N/A,#N/A,#N/A,#N/A,#N/A,#N/A,#N/A
2016,Trachymene,ornata,Maia_Raymundo,Perenjori,field,#N/A,#N/A,#N/A,#N/A,#N/A,#N/A,30,12,1,#N/A,#N/A,#N/A,#N/A,#N/A,#N/A,#N/A,#N/A,#N/A
2016,Trachymene,ornata,Maia_Raymundo,Perenjori,field,#N/A,#N/A,#N/A,#N/A,#N/A,#N/A,30,12,2,#N/A,#N/A,#N/A,#N/A,#N/A,#N/A,#N/A,#N/A,#N/A
2016,Trachymene,ornata,Maia_Raymundo,Perenjori,field,#N/A,#N/A,#N/A,#N/A,#N/A,#N/A,30,12,0,#N/A,#N/A,#N/A,#N/A,#N/A,#N/A,#N/A,#N/A,#N/A
2016,Trachymene,ornata,Maia_Raymundo,Perenjori,field,#N/A,#N/A,#N/A,#N/A,#N/A,#N/A,30,12,15,#N/A,#N/A,#N/A,#N/A,#N/A,#N/A,#N/A,#N/A,#N/A
2016,Trachymene,ornata,Maia_Raymundo,Perenjori,field,#N/A,#N/A,#N/A,#N/A,#N/A,#N/A,30,12,1,#N/A,#N/A,#N/A,#N/A,#N/A,#N/A,#N/A,#N/A,#N/A
2016,Trachymene,ornata,Maia_Raymundo,Perenjori,field,#N/A,#N/A,#N/A,#N/A,#N/A,#N/A,30,12,2,#N/A,#N/A,#N/A,#N/A,#N/A,#N/A,#N/A,#N/A,#N/A
2016,Trachymene,ornata,Maia_Raymundo,Perenjori,field,#N/A,#N/A,#N/A,#N/A,#N/A,#N/A,30,12,0,#N/A,#N/A,#N/A,#N/A,#N/A,#N/A,#N/A,#N/A,#N/A
2016,Trachymene,ornata,Maia_Raymundo,Perenjori,field,#N/A,#N/A,#N/A,#N/A,#N/A,#N/A,30,12,0,#N/A,#N/A,#N/A,#N/A,#N/A,#N/A,#N/A,#N/A,#N/A
2016,Trachymene,ornata,Maia_Raymundo,Perenjori,field,#N/A,#N/A,#N/A,#N/A,#N/A,#N/A,30,12,0,#N/A,#N/A,#N/A,#N/A,#N/A,#N/A,#N/A,#N/A,#N/A
2016,Trachymene,ornata,Maia_Raymundo,Perenjori,field,#N/A,#N/A,#N/A,#N/A,#N/A,#N/A,30,12,0,#N/A,#N/A,#N/A,#N/A,#N/A,#N/A,#N/A,#N/A,#N/A
2016,Trachymene,ornata,Maia_Raymundo,Perenjori,field,#N/A,#N/A,#N/A,#N/A,#N/A,#N/A,30,12,1,#N/A,#N/A,#N/A,#N/A,#N/A,#N/A,#N/A,#N/A,#N/A
2016,Trachymene,ornata,Maia_Raymundo,Perenjori,field,#N/A,#N/A,#N/A,#N/A,#N/A,#N/A,30,12,0,#N/A,#N/A,#N/A,#N/A,#N/A,#N/A,#N/A,#N/A,#N/A
2016,Trachymene,ornata,Maia_Raymundo,Perenjori,field,#N/A,#N/A,#N/A,#N/A,#N/A,#N/A,30,12,0,#N/A,#N/A,#N/A,#N/A,#N/A,#N/A,#N/A,#N/A,#N/A
2016,Trachymene,ornata,Maia_Raymundo,Perenjori,field,#N/A,#N/A,#N/A,#N/A,#N/A,#N/A,30,12,0,#N/A,#N/A,#N/A,#N/A,#N/A,#N/A,#N/A,#N/A,#N/A
2016,Trachymene,ornata,Maia_Raymundo,Perenjori,field,#N/A,#N/A,#N/A,#N/A,#N/A,#N/A,30,12,0,#N/A,#N/A,#N/A,#N/A,#N/A,#N/A,#N/A,#N/A,#N/A
2016,Trachymene,ornata,Maia_Raymundo,Perenjori,field,#N/A,#N/A,#N/A,#N/A,#N/A,#N/A,30,12,1,#N/A,#N/A,#N/A,#N/A,#N/A,#N/A,#N/A,#N/A,#N/A
2016,Velleia,rosea,Maia_Raymundo,Perenjori,field,#N/A,#N/A,#N/A,#N/A,#N/A,#N/A,30,24,6,#N/A,#N/A,#N/A,#N/A,#N/A,#N/A,#N/A,#N/A,#N/A
2016,Velleia,rosea,Maia_Raymundo,Perenjori,field,#N/A,#N/A,#N/A,#N/A,#N/A,#N/A,30,24,25,#N/A,#N/A,#N/A,#N/A,#N/A,#N/A,#N/A,#N/A,#N/A
2016,Velleia,rosea,Maia_Raymundo,Perenjori,field,#N/A,#N/A,#N/A,#N/A,#N/A,#N/A,30,24,11,#N/A,#N/A,#N/A,#N/A,#N/A,#N/A,#N/A,#N/A,#N/A
2016,Velleia,rosea,Maia_Raymundo,Perenjori,field,#N/A,#N/A,#N/A,#N/A,#N/A,#N/A,30,24,9,#N/A,#N/A,#N/A,#N/A,#N/A,#N/A,#N/A,#N/A,#N/A
2016,Velleia,rosea,Maia_Raymundo,Perenjori,field,#N/A,#N/A,#N/A,#N/A,#N/A,#N/A,30,24,3,#N/A,#N/A,#N/A,#N/A,#N/A,#N/A,#N/A,#N/A,#N/A
2016,Velleia,rosea,Maia_Raymundo,Perenjori,field,#N/A,#N/A,#N/A,#N/A,#N/A,#N/A,30,24,12,#N/A,#N/A,#N/A,#N/A,#N/A,#N/A,#N/A,#N/A,#N/A
2016,Velleia,rosea,Maia_Raymundo,Perenjori,field,#N/A,#N/A,#N/A,#N/A,#N/A,#N/A,30,24,11,#N/A,#N/A,#N/A,#N/A,#N/A,#N/A,#N/A,#N/A,#N/A
2016,Velleia,rosea,Maia_Raymundo,Perenjori,field,#N/A,#N/A,#N/A,#N/A,#N/A,#N/A,30,24,18,#N/A,#N/A,#N/A,#N/A,#N/A,#N/A,#N/A,#N/A,#N/A
2016,Velleia,rosea,Maia_Raymundo,Perenjori,field,#N/A,#N/A,#N/A,#N/A,#N/A,#N/A,30,24,13,#N/A,#N/A,#N/A,#N/A,#N/A,#N/A,#N/A,#N/A,#N/A
2016,Velleia,rosea,Maia_Raymundo,Perenjori,field,#N/A,#N/A,#N/A,#N/A,#N/A,#N/A,30,24,16,#N/A,#N/A,#N/A,#N/A,#N/A,#N/A,#N/A,#N/A,#N/A
2016,Velleia,rosea,Maia_Raymundo,Perenjori,field,#N/A,#N/A,#N/A,#N/A,#N/A,#N/A,30,24,0,#N/A,#N/A,#N/A,#N/A,#N/A,#N/A,#N/A,#N/A,#N/A
2016,Velleia,rosea,Maia_Raymundo,Perenjori,field,#N/A,#N/A,#N/A,#N/A,#N/A,#N/A,30,24,0,#N/A,#N/A,#N/A,#N/A,#N/A,#N/A,#N/A,#N/A,#N/A
2016,Velleia,rosea,Maia_Raymundo,Perenjori,field,#N/A,#N/A,#N/A,#N/A,#N/A,#N/A,30,24,4,#N/A,#N/A,#N/A,#N/A,#N/A,#N/A,#N/A,#N/A,#N/A
2016,Velleia,rosea,Maia_Raymundo,Perenjori,field,#N/A,#N/A,#N/A,#N/A,#N/A,#N/A,30,24,17,#N/A,#N/A,#N/A,#N/A,#N/A,#N/A,#N/A,#N/A,#N/A
2016,Velleia,rosea,Maia_Raymundo,Perenjori,field,#N/A,#N/A,#N/A,#N/A,#N/A,#N/A,30,24,5,#N/A,#N/A,#N/A,#N/A,#N/A,#N/A,#N/A,#N/A,#N/A
2016,Velleia,rosea,Maia_Raymundo,Perenjori,field,#N/A,#N/A,#N/A,#N/A,#N/A,#N/A,30,24,9,#N/A,#N/A,#N/A,#N/A,#N/A,#N/A,#N/A,#N/A,#N/A
2016,Velleia,rosea,Maia_Raymundo,Perenjori,field,#N/A,#N/A,#N/A,#N/A,#N/A,#N/A,30,24,5,#N/A,#N/A,#N/A,#N/A,#N/A,#N/A,#N/A,#N/A,#N/A
2016,Velleia,rosea,Maia_Raymundo,Perenjori,field,#N/A,#N/A,#N/A,#N/A,#N/A,#N/A,30,24,5,#N/A,#N/A,#N/A,#N/A,#N/A,#N/A,#N/A,#N/A,#N/A
2016,Velleia,rosea,Maia_Raymundo,Perenjori,field,#N/A,#N/A,#N/A,#N/A,#N/A,#N/A,30,24,19,#N/A,#N/A,#N/A,#N/A,#N/A,#N/A,#N/A,#N/A,#N/A
2016,Velleia,rosea,Maia_Raymundo,Perenjori,field,#N/A,#N/A,#N/A,#N/A,#N/A,#N/A,30,24,18,#N/A,#N/A,#N/A,#N/A,#N/A,#N/A,#N/A,#N/A,#N/A
2016,Velleia,rosea,Maia_Raymundo,Perenjori,field,#N/A,#N/A,#N/A,#N/A,#N/A,#N/A,30,24,10,#N/A,#N/A,#N/A,#N/A,#N/A,#N/A,#N/A,#N/A,#N/A
2016,Velleia,rosea,Maia_Raymundo,Perenjori,field,#N/A,#N/A,#N/A,#N/A,#N/A,#N/A,30,24,3,#N/A,#N/A,#N/A,#N/A,#N/A,#N/A,#N/A,#N/A,#N/A
2016,Velleia,rosea,Maia_Raymundo,Perenjori,field,#N/A,#N/A,#N/A,#N/A,#N/A,#N/A,30,24,0,#N/A,#N/A,#N/A,#N/A,#N/A,#N/A,#N/A,#N/A,#N/A
2016,Velleia,rosea,Maia_Raymundo,Perenjori,field,#N/A,#N/A,#N/A,#N/A,#N/A,#N/A,30,24,1,#N/A,#N/A,#N/A,#N/A,#N/A,#N/A,#N/A,#N/A,#N/A
2016,Velleia,rosea,Maia_Raymundo,Perenjori,field,#N/A,#N/A,#N/A,#N/A,#N/A,#N/A,30,24,3,#N/A,#N/A,#N/A,#N/A,#N/A,#N/A,#N/A,#N/A,#N/A
2016,Velleia,rosea,Maia_Raymundo,Perenjori,field,#N/A,#N/A,#N/A,#N/A,#N/A,#N/A,30,24,13,#N/A,#N/A,#N/A,#N/A,#N/A,#N/A,#N/A,#N/A,#N/A
2016,Velleia,rosea,Maia_Raymundo,Perenjori,field,#N/A,#N/A,#N/A,#N/A,#N/A,#N/A,30,24,0,#N/A,#N/A,#N/A,#N/A,#N/A,#N/A,#N/A,#N/A,#N/A
2016,Velleia,rosea,Maia_Raymundo,Perenjori,field,#N/A,#N/A,#N/A,#N/A,#N/A,#N/A,30,24,5,#N/A,#N/A,#N/A,#N/A,#N/A,#N/A,#N/A,#N/A,#N/A
2016,Velleia,rosea,Maia_Raymundo,Perenjori,field,#N/A,#N/A,#N/A,#N/A,#N/A,#N/A,30,24,9,#N/A,#N/A,#N/A,#N/A,#N/A,#N/A,#N/A,#N/A,#N/A
2016,Velleia,rosea,Maia_Raymundo,Perenjori,field,#N/A,#N/A,#N/A,#N/A,#N/A,#N/A,30,24,2,#N/A,#N/A,#N/A,#N/A,#N/A,#N/A,#N/A,#N/A,#N/A
2014,Goodenia,berardiana,John_Dwyer_and Todd_Erickson,Kings_Park,chambers,maternal_environment,cool,after_ripening_environment,cool,mircosite_environment,shade,#N/A,#N/A,#N/A,15,5,12,28,24,14,10,0,10
2014,Goodenia,berardiana,John_Dwyer_and Todd_Erickson,Kings_Park,chambers,maternal_environment,cool,after_ripening_environment,cool,mircosite_environment,shade,#N/A,#N/A,#N/A,15,5,12,28,29,15,14,1,13
2014,Goodenia,berardiana,John_Dwyer_and Todd_Erickson,Kings_Park,chambers,maternal_environment,cool,after_ripening_environment,cool,mircosite_environment,shade,#N/A,#N/A,#N/A,15,5,12,28,21,3,18,0,18
2014,Goodenia,berardiana,John_Dwyer_and Todd_Erickson,Kings_Park,chambers,maternal_environment,cool,after_ripening_environment,cool,mircosite_environment,shade,#N/A,#N/A,#N/A,15,5,12,28,22,8,14,0,14
2014,Goodenia,berardiana,John_Dwyer_and Todd_Erickson,Kings_Park,chambers,maternal_environment,cool,after_ripening_environment,cool,mircosite_environment,sun,#N/A,#N/A,#N/A,15,5,12,28,21,12,9,0,9
2014,Goodenia,berardiana,John_Dwyer_and Todd_Erickson,Kings_Park,chambers,maternal_environment,cool,after_ripening_environment,cool,mircosite_environment,sun,#N/A,#N/A,#N/A,15,5,12,28,22,14,8,0,8
2014,Goodenia,berardiana,John_Dwyer_and Todd_Erickson,Kings_Park,chambers,maternal_environment,cool,after_ripening_environment,cool,mircosite_environment,sun,#N/A,#N/A,#N/A,15,5,12,28,23,13,10,0,10
2014,Goodenia,berardiana,John_Dwyer_and Todd_Erickson,Kings_Park,chambers,maternal_environment,cool,after_ripening_environment,cool,mircosite_environment,sun,#N/A,#N/A,#N/A,15,5,12,28,28,21,7,0,7
2014,Goodenia,berardiana,John_Dwyer_and Todd_Erickson,Kings_Park,chambers,maternal_environment,cool,after_ripening_environment,warm,mircosite_environment,shade,#N/A,#N/A,#N/A,15,5,12,28,19,6,13,0,13
2014,Goodenia,berardiana,John_Dwyer_and Todd_Erickson,Kings_Park,chambers,maternal_environment,cool,after_ripening_environment,warm,mircosite_environment,shade,#N/A,#N/A,#N/A,15,5,12,28,20,11,9,0,9
2014,Goodenia,berardiana,John_Dwyer_and Todd_Erickson,Kings_Park,chambers,maternal_environment,cool,after_ripening_environment,warm,mircosite_environment,shade,#N/A,#N/A,#N/A,15,5,12,28,26,12,14,0,14
2014,Goodenia,berardiana,John_Dwyer_and Todd_Erickson,Kings_Park,chambers,maternal_environment,cool,after_ripening_environment,warm,mircosite_environment,shade,#N/A,#N/A,#N/A,15,5,12,28,31,23,8,0,8
2014,Goodenia,berardiana,John_Dwyer_and Todd_Erickson,Kings_Park,chambers,maternal_environment,cool,after_ripening_environment,warm,mircosite_environment,sun,#N/A,#N/A,#N/A,15,5,12,28,4,2,2,0,2
2014,Goodenia,berardiana,John_Dwyer_and Todd_Erickson,Kings_Park,chambers,maternal_environment,cool,after_ripening_environment,warm,mircosite_environment,sun,#N/A,#N/A,#N/A,15,5,12,28,14,7,7,0,7
2014,Goodenia,berardiana,John_Dwyer_and Todd_Erickson,Kings_Park,chambers,maternal_environment,cool,after_ripening_environment,warm,mircosite_environment,sun,#N/A,#N/A,#N/A,15,5,12,28,15,10,5,0,5
2014,Goodenia,berardiana,John_Dwyer_and Todd_Erickson,Kings_Park,chambers,maternal_environment,warm,after_ripening_environment,cool,mircosite_environment,shade,#N/A,#N/A,#N/A,15,5,12,28,21,19,2,1,1
2014,Goodenia,berardiana,John_Dwyer_and Todd_Erickson,Kings_Park,chambers,maternal_environment,warm,after_ripening_environment,cool,mircosite_environment,shade,#N/A,#N/A,#N/A,15,5,12,28,24,21,3,0,3
2014,Goodenia,berardiana,John_Dwyer_and Todd_Erickson,Kings_Park,chambers,maternal_environment,warm,after_ripening_environment,cool,mircosite_environment,shade,#N/A,#N/A,#N/A,15,5,12,28,19,2,17,0,17
2014,Goodenia,berardiana,John_Dwyer_and Todd_Erickson,Kings_Park,chambers,maternal_environment,warm,after_ripening_environment,cool,mircosite_environment,shade,#N/A,#N/A,#N/A,15,5,12,28,24,2,22,0,22
2014,Goodenia,berardiana,John_Dwyer_and Todd_Erickson,Kings_Park,chambers,maternal_environment,warm,after_ripening_environment,cool,mircosite_environment,sun,#N/A,#N/A,#N/A,15,5,12,28,22,21,1,0,1
2014,Goodenia,berardiana,John_Dwyer_and Todd_Erickson,Kings_Park,chambers,maternal_environment,warm,after_ripening_environment,cool,mircosite_environment,sun,#N/A,#N/A,#N/A,15,5,12,28,28,27,1,0,1
2014,Goodenia,berardiana,John_Dwyer_and Todd_Erickson,Kings_Park,chambers,maternal_environment,warm,after_ripening_environment,cool,mircosite_environment,sun,#N/A,#N/A,#N/A,15,5,12,28,24,20,4,0,4
2014,Goodenia,berardiana,John_Dwyer_and Todd_Erickson,Kings_Park,chambers,maternal_environment,warm,after_ripening_environment,cool,mircosite_environment,sun,#N/A,#N/A,#N/A,15,5,12,28,27,21,6,1,5
2014,Goodenia,berardiana,John_Dwyer_and Todd_Erickson,Kings_Park,chambers,maternal_environment,warm,after_ripening_environment,warm,mircosite_environment,shade,#N/A,#N/A,#N/A,15,5,12,28,26,23,3,0,3
2014,Goodenia,berardiana,John_Dwyer_and Todd_Erickson,Kings_Park,chambers,maternal_environment,warm,after_ripening_environment,warm,mircosite_environment,shade,#N/A,#N/A,#N/A,15,5,12,28,31,30,1,0,1
2014,Goodenia,berardiana,John_Dwyer_and Todd_Erickson,Kings_Park,chambers,maternal_environment,warm,after_ripening_environment,warm,mircosite_environment,shade,#N/A,#N/A,#N/A,15,5,12,28,1,0,1,0,1
2014,Goodenia,berardiana,John_Dwyer_and Todd_Erickson,Kings_Park,chambers,maternal_environment,warm,after_ripening_environment,warm,mircosite_environment,sun,#N/A,#N/A,#N/A,15,5,12,28,19,16,3,0,3
2014,Goodenia,berardiana,John_Dwyer_and Todd_Erickson,Kings_Park,chambers,maternal_environment,warm,after_ripening_environment,warm,mircosite_environment,sun,#N/A,#N/A,#N/A,15,5,12,28,28,25,3,0,3
2014,Goodenia,berardiana,John_Dwyer_and Todd_Erickson,Kings_Park,chambers,maternal_environment,warm,after_ripening_environment,warm,mircosite_environment,sun,#N/A,#N/A,#N/A,15,5,12,28,17,15,2,0,2
2014,Goodenia,berardiana,John_Dwyer_and Todd_Erickson,Kings_Park,chambers,maternal_environment,warm,after_ripening_environment,warm,mircosite_environment,sun,#N/A,#N/A,#N/A,15,5,12,28,33,30,3,0,3
2014,Goodenia,berardiana,John_Dwyer_and Todd_Erickson,Kings_Park,chambers,maternal_environment,cool,after_ripening_environment,cool,mircosite_environment,shade,#N/A,#N/A,#N/A,20,10,12,28,26,17,9,0,9
2014,Goodenia,berardiana,John_Dwyer_and Todd_Erickson,Kings_Park,chambers,maternal_environment,cool,after_ripening_environment,cool,mircosite_environment,shade,#N/A,#N/A,#N/A,20,10,12,28,35,19,16,1,15
2014,Goodenia,berardiana,John_Dwyer_and Todd_Erickson,Kings_Park,chambers,maternal_environment,cool,after_ripening_environment,cool,mircosite_environment,shade,#N/A,#N/A,#N/A,20,10,12,28,15,3,12,0,12
2014,Goodenia,berardiana,John_Dwyer_and Todd_Erickson,Kings_Park,chambers,maternal_environment,cool,after_ripening_environment,cool,mircosite_environment,shade,#N/A,#N/A,#N/A,20,10,12,28,27,3,24,0,24
2014,Goodenia,berardiana,John_Dwyer_and Todd_Erickson,Kings_Park,chambers,maternal_environment,cool,after_ripening_environment,cool,mircosite_environment,sun,#N/A,#N/A,#N/A,20,10,12,28,21,12,9,0,9
2014,Goodenia,berardiana,John_Dwyer_and Todd_Erickson,Kings_Park,chambers,maternal_environment,cool,after_ripening_environment,cool,mircosite_environment,sun,#N/A,#N/A,#N/A,20,10,12,28,22,9,13,0,13
2014,Goodenia,berardiana,John_Dwyer_and Todd_Erickson,Kings_Park,chambers,maternal_environment,cool,after_ripening_environment,cool,mircosite_environment,sun,#N/A,#N/A,#N/A,20,10,12,28,26,19,7,0,7
2014,Goodenia,berardiana,John_Dwyer_and Todd_Erickson,Kings_Park,chambers,maternal_environment,cool,after_ripening_environment,cool,mircosite_environment,sun,#N/A,#N/A,#N/A,20,10,12,28,27,21,6,0,6
2014,Goodenia,berardiana,John_Dwyer_and Todd_Erickson,Kings_Park,chambers,maternal_environment,cool,after_ripening_environment,warm,mircosite_environment,shade,#N/A,#N/A,#N/A,20,10,12,28,17,10,7,0,7
2014,Goodenia,berardiana,John_Dwyer_and Todd_Erickson,Kings_Park,chambers,maternal_environment,cool,after_ripening_environment,warm,mircosite_environment,shade,#N/A,#N/A,#N/A,20,10,12,28,25,13,12,0,12
2014,Goodenia,berardiana,John_Dwyer_and Todd_Erickson,Kings_Park,chambers,maternal_environment,cool,after_ripening_environment,warm,mircosite_environment,shade,#N/A,#N/A,#N/A,20,10,12,28,24,17,7,0,7
2014,Goodenia,berardiana,John_Dwyer_and Todd_Erickson,Kings_Park,chambers,maternal_environment,cool,after_ripening_environment,warm,mircosite_environment,shade,#N/A,#N/A,#N/A,20,10,12,28,27,16,11,0,11
2014,Goodenia,berardiana,John_Dwyer_and Todd_Erickson,Kings_Park,chambers,maternal_environment,cool,after_ripening_environment,warm,mircosite_environment,sun,#N/A,#N/A,#N/A,20,10,12,28,4,2,2,0,2
2014,Goodenia,berardiana,John_Dwyer_and Todd_Erickson,Kings_Park,chambers,maternal_environment,cool,after_ripening_environment,warm,mircosite_environment,sun,#N/A,#N/A,#N/A,20,10,12,28,11,5,6,0,6
2014,Goodenia,berardiana,John_Dwyer_and Todd_Erickson,Kings_Park,chambers,maternal_environment,cool,after_ripening_environment,warm,mircosite_environment,sun,#N/A,#N/A,#N/A,20,10,12,28,19,12,7,0,7
2014,Goodenia,berardiana,John_Dwyer_and Todd_Erickson,Kings_Park,chambers,maternal_environment,warm,after_ripening_environment,cool,mircosite_environment,shade,#N/A,#N/A,#N/A,20,10,12,28,23,22,1,1,0
2014,Goodenia,berardiana,John_Dwyer_and Todd_Erickson,Kings_Park,chambers,maternal_environment,warm,after_ripening_environment,cool,mircosite_environment,shade,#N/A,#N/A,#N/A,20,10,12,28,26,24,2,0,2
2014,Goodenia,berardiana,John_Dwyer_and Todd_Erickson,Kings_Park,chambers,maternal_environment,warm,after_ripening_environment,cool,mircosite_environment,shade,#N/A,#N/A,#N/A,20,10,12,28,22,4,18,0,18
2014,Goodenia,berardiana,John_Dwyer_and Todd_Erickson,Kings_Park,chambers,maternal_environment,warm,after_ripening_environment,cool,mircosite_environment,shade,#N/A,#N/A,#N/A,20,10,12,28,22,1,21,0,21
2014,Goodenia,berardiana,John_Dwyer_and Todd_Erickson,Kings_Park,chambers,maternal_environment,warm,after_ripening_environment,cool,mircosite_environment,sun,#N/A,#N/A,#N/A,20,10,12,28,21,20,1,0,1
2014,Goodenia,berardiana,John_Dwyer_and Todd_Erickson,Kings_Park,chambers,maternal_environment,warm,after_ripening_environment,cool,mircosite_environment,sun,#N/A,#N/A,#N/A,20,10,12,28,29,28,1,0,1
2014,Goodenia,berardiana,John_Dwyer_and Todd_Erickson,Kings_Park,chambers,maternal_environment,warm,after_ripening_environment,cool,mircosite_environment,sun,#N/A,#N/A,#N/A,20,10,12,28,26,24,2,0,2
2014,Goodenia,berardiana,John_Dwyer_and Todd_Erickson,Kings_Park,chambers,maternal_environment,warm,after_ripening_environment,cool,mircosite_environment,sun,#N/A,#N/A,#N/A,20,10,12,28,27,18,9,0,9
2014,Goodenia,berardiana,John_Dwyer_and Todd_Erickson,Kings_Park,chambers,maternal_environment,warm,after_ripening_environment,warm,mircosite_environment,shade,#N/A,#N/A,#N/A,20,10,12,28,22,16,6,0,6
2014,Goodenia,berardiana,John_Dwyer_and Todd_Erickson,Kings_Park,chambers,maternal_environment,warm,after_ripening_environment,warm,mircosite_environment,shade,#N/A,#N/A,#N/A,20,10,12,28,32,31,1,0,1
2014,Goodenia,berardiana,John_Dwyer_and Todd_Erickson,Kings_Park,chambers,maternal_environment,warm,after_ripening_environment,warm,mircosite_environment,shade,#N/A,#N/A,#N/A,20,10,12,28,2,1,1,0,1
2014,Goodenia,berardiana,John_Dwyer_and Todd_Erickson,Kings_Park,chambers,maternal_environment,warm,after_ripening_environment,warm,mircosite_environment,sun,#N/A,#N/A,#N/A,20,10,12,28,23,21,2,0,2
2014,Goodenia,berardiana,John_Dwyer_and Todd_Erickson,Kings_Park,chambers,maternal_environment,warm,after_ripening_environment,warm,mircosite_environment,sun,#N/A,#N/A,#N/A,20,10,12,28,28,23,5,0,5
2014,Goodenia,berardiana,John_Dwyer_and Todd_Erickson,Kings_Park,chambers,maternal_environment,warm,after_ripening_environment,warm,mircosite_environment,sun,#N/A,#N/A,#N/A,20,10,12,28,22,17,5,0,5
2014,Goodenia,berardiana,John_Dwyer_and Todd_Erickson,Kings_Park,chambers,maternal_environment,warm,after_ripening_environment,warm,mircosite_environment,sun,#N/A,#N/A,#N/A,20,10,12,28,25,21,4,0,4
2014,Pentameris,airoides,John_Dwyer_and Todd_Erickson,Kings_Park,chambers,maternal_environment,cool,after_ripening_environment,cool,mircosite_environment,shade,#N/A,#N/A,#N/A,15,5,12,28,17,11,6,5,1
2014,Pentameris,airoides,John_Dwyer_and Todd_Erickson,Kings_Park,chambers,maternal_environment,cool,after_ripening_environment,cool,mircosite_environment,shade,#N/A,#N/A,#N/A,15,5,12,28,28,11,17,16,1
2014,Pentameris,airoides,John_Dwyer_and Todd_Erickson,Kings_Park,chambers,maternal_environment,cool,after_ripening_environment,cool,mircosite_environment,shade,#N/A,#N/A,#N/A,15,5,12,28,17,10,7,6,1
2014,Pentameris,airoides,John_Dwyer_and Todd_Erickson,Kings_Park,chambers,maternal_environment,cool,after_ripening_environment,cool,mircosite_environment,shade,#N/A,#N/A,#N/A,15,5,12,28,27,9,18,14,4
2014,Pentameris,airoides,John_Dwyer_and Todd_Erickson,Kings_Park,chambers,maternal_environment,cool,after_ripening_environment,cool,mircosite_environment,sun,#N/A,#N/A,#N/A,15,5,12,28,20,14,6,0,6
2014,Pentameris,airoides,John_Dwyer_and Todd_Erickson,Kings_Park,chambers,maternal_environment,cool,after_ripening_environment,cool,mircosite_environment,sun,#N/A,#N/A,#N/A,15,5,12,28,22,8,14,13,1
2014,Pentameris,airoides,John_Dwyer_and Todd_Erickson,Kings_Park,chambers,maternal_environment,cool,after_ripening_environment,cool,mircosite_environment,sun,#N/A,#N/A,#N/A,15,5,12,28,18,9,9,6,3
2014,Pentameris,airoides,John_Dwyer_and Todd_Erickson,Kings_Park,chambers,maternal_environment,cool,after_ripening_environment,cool,mircosite_environment,sun,#N/A,#N/A,#N/A,15,5,12,28,19,12,7,3,4
2014,Pentameris,airoides,John_Dwyer_and Todd_Erickson,Kings_Park,chambers,maternal_environment,cool,after_ripening_environment,warm,mircosite_environment,shade,#N/A,#N/A,#N/A,15,5,12,28,17,11,6,5,1
2014,Pentameris,airoides,John_Dwyer_and Todd_Erickson,Kings_Park,chambers,maternal_environment,cool,after_ripening_environment,warm,mircosite_environment,shade,#N/A,#N/A,#N/A,15,5,12,28,23,18,5,1,4
2014,Pentameris,airoides,John_Dwyer_and Todd_Erickson,Kings_Park,chambers,maternal_environment,cool,after_ripening_environment,warm,mircosite_environment,shade,#N/A,#N/A,#N/A,15,5,12,28,19,16,3,2,1
2014,Pentameris,airoides,John_Dwyer_and Todd_Erickson,Kings_Park,chambers,maternal_environment,cool,after_ripening_environment,warm,mircosite_environment,shade,#N/A,#N/A,#N/A,15,5,12,28,27,22,5,2,3
2014,Pentameris,airoides,John_Dwyer_and Todd_Erickson,Kings_Park,chambers,maternal_environment,cool,after_ripening_environment,warm,mircosite_environment,sun,#N/A,#N/A,#N/A,15,5,12,28,15,5,10,2,8
2014,Pentameris,airoides,John_Dwyer_and Todd_Erickson,Kings_Park,chambers,maternal_environment,cool,after_ripening_environment,warm,mircosite_environment,sun,#N/A,#N/A,#N/A,15,5,12,28,23,9,14,1,13
2014,Pentameris,airoides,John_Dwyer_and Todd_Erickson,Kings_Park,chambers,maternal_environment,cool,after_ripening_environment,warm,mircosite_environment,sun,#N/A,#N/A,#N/A,15,5,12,28,14,9,5,3,2
2014,Pentameris,airoides,John_Dwyer_and Todd_Erickson,Kings_Park,chambers,maternal_environment,cool,after_ripening_environment,warm,mircosite_environment,sun,#N/A,#N/A,#N/A,15,5,12,28,25,17,8,3,5
2014,Pentameris,airoides,John_Dwyer_and Todd_Erickson,Kings_Park,chambers,maternal_environment,warm,after_ripening_environment,cool,mircosite_environment,shade,#N/A,#N/A,#N/A,15,5,12,28,17,1,16,8,8
2014,Pentameris,airoides,John_Dwyer_and Todd_Erickson,Kings_Park,chambers,maternal_environment,warm,after_ripening_environment,cool,mircosite_environment,shade,#N/A,#N/A,#N/A,15,5,12,28,22,1,21,17,4
2014,Pentameris,airoides,John_Dwyer_and Todd_Erickson,Kings_Park,chambers,maternal_environment,warm,after_ripening_environment,cool,mircosite_environment,shade,#N/A,#N/A,#N/A,15,5,12,28,16,4,12,10,2
2014,Pentameris,airoides,John_Dwyer_and Todd_Erickson,Kings_Park,chambers,maternal_environment,warm,after_ripening_environment,cool,mircosite_environment,shade,#N/A,#N/A,#N/A,15,5,12,28,19,1,18,13,5
2014,Pentameris,airoides,John_Dwyer_and Todd_Erickson,Kings_Park,chambers,maternal_environment,warm,after_ripening_environment,cool,mircosite_environment,sun,#N/A,#N/A,#N/A,15,5,12,28,14,3,11,10,1
2014,Pentameris,airoides,John_Dwyer_and Todd_Erickson,Kings_Park,chambers,maternal_environment,warm,after_ripening_environment,cool,mircosite_environment,sun,#N/A,#N/A,#N/A,15,5,12,28,24,4,20,9,11
2014,Pentameris,airoides,John_Dwyer_and Todd_Erickson,Kings_Park,chambers,maternal_environment,warm,after_ripening_environment,cool,mircosite_environment,sun,#N/A,#N/A,#N/A,15,5,12,28,16,3,13,3,10
2014,Pentameris,airoides,John_Dwyer_and Todd_Erickson,Kings_Park,chambers,maternal_environment,warm,after_ripening_environment,cool,mircosite_environment,sun,#N/A,#N/A,#N/A,15,5,12,28,17,2,15,11,4
2014,Pentameris,airoides,John_Dwyer_and Todd_Erickson,Kings_Park,chambers,maternal_environment,warm,after_ripening_environment,warm,mircosite_environment,shade,#N/A,#N/A,#N/A,15,5,12,28,11,3,8,4,4
2014,Pentameris,airoides,John_Dwyer_and Todd_Erickson,Kings_Park,chambers,maternal_environment,warm,after_ripening_environment,warm,mircosite_environment,shade,#N/A,#N/A,#N/A,15,5,12,28,14,7,7,3,4
2014,Pentameris,airoides,John_Dwyer_and Todd_Erickson,Kings_Park,chambers,maternal_environment,warm,after_ripening_environment,warm,mircosite_environment,shade,#N/A,#N/A,#N/A,15,5,12,28,11,3,8,4,4
2014,Pentameris,airoides,John_Dwyer_and Todd_Erickson,Kings_Park,chambers,maternal_environment,warm,after_ripening_environment,warm,mircosite_environment,shade,#N/A,#N/A,#N/A,15,5,12,28,18,9,9,5,4
2014,Pentameris,airoides,John_Dwyer_and Todd_Erickson,Kings_Park,chambers,maternal_environment,warm,after_ripening_environment,warm,mircosite_environment,sun,#N/A,#N/A,#N/A,15,5,12,28,10,6,4,0,4
2014,Pentameris,airoides,John_Dwyer_and Todd_Erickson,Kings_Park,chambers,maternal_environment,warm,after_ripening_environment,warm,mircosite_environment,sun,#N/A,#N/A,#N/A,15,5,12,28,10,6,4,3,1
2014,Pentameris,airoides,John_Dwyer_and Todd_Erickson,Kings_Park,chambers,maternal_environment,warm,after_ripening_environment,warm,mircosite_environment,sun,#N/A,#N/A,#N/A,15,5,12,28,10,3,7,1,6
2014,Pentameris,airoides,John_Dwyer_and Todd_Erickson,Kings_Park,chambers,maternal_environment,warm,after_ripening_environment,warm,mircosite_environment,sun,#N/A,#N/A,#N/A,15,5,12,28,16,2,14,5,9
2014,Pentameris,airoides,John_Dwyer_and Todd_Erickson,Kings_Park,chambers,maternal_environment,cool,after_ripening_environment,cool,mircosite_environment,shade,#N/A,#N/A,#N/A,20,10,12,28,20,12,8,6,2
2014,Pentameris,airoides,John_Dwyer_and Todd_Erickson,Kings_Park,chambers,maternal_environment,cool,after_ripening_environment,cool,mircosite_environment,shade,#N/A,#N/A,#N/A,20,10,12,28,25,17,8,4,4
2014,Pentameris,airoides,John_Dwyer_and Todd_Erickson,Kings_Park,chambers,maternal_environment,cool,after_ripening_environment,cool,mircosite_environment,shade,#N/A,#N/A,#N/A,20,10,12,28,21,11,10,5,5
2014,Pentameris,airoides,John_Dwyer_and Todd_Erickson,Kings_Park,chambers,maternal_environment,cool,after_ripening_environment,cool,mircosite_environment,shade,#N/A,#N/A,#N/A,20,10,12,28,23,11,12,9,3
2014,Pentameris,airoides,John_Dwyer_and Todd_Erickson,Kings_Park,chambers,maternal_environment,cool,after_ripening_environment,cool,mircosite_environment,sun,#N/A,#N/A,#N/A,20,10,12,28,21,18,3,1,2
2014,Pentameris,airoides,John_Dwyer_and Todd_Erickson,Kings_Park,chambers,maternal_environment,cool,after_ripening_environment,cool,mircosite_environment,sun,#N/A,#N/A,#N/A,20,10,12,28,21,14,7,2,5
2014,Pentameris,airoides,John_Dwyer_and Todd_Erickson,Kings_Park,chambers,maternal_environment,cool,after_ripening_environment,cool,mircosite_environment,sun,#N/A,#N/A,#N/A,20,10,12,28,15,15,0,0,0
2014,Pentameris,airoides,John_Dwyer_and Todd_Erickson,Kings_Park,chambers,maternal_environment,cool,after_ripening_environment,cool,mircosite_environment,sun,#N/A,#N/A,#N/A,20,10,12,28,22,16,6,3,3
2014,Pentameris,airoides,John_Dwyer_and Todd_Erickson,Kings_Park,chambers,maternal_environment,cool,after_ripening_environment,warm,mircosite_environment,shade,#N/A,#N/A,#N/A,20,10,12,28,19,17,2,0,2
2014,Pentameris,airoides,John_Dwyer_and Todd_Erickson,Kings_Park,chambers,maternal_environment,cool,after_ripening_environment,warm,mircosite_environment,shade,#N/A,#N/A,#N/A,20,10,12,28,22,19,3,2,1
2014,Pentameris,airoides,John_Dwyer_and Todd_Erickson,Kings_Park,chambers,maternal_environment,cool,after_ripening_environment,warm,mircosite_environment,shade,#N/A,#N/A,#N/A,20,10,12,28,22,19,3,1,2
2014,Pentameris,airoides,John_Dwyer_and Todd_Erickson,Kings_Park,chambers,maternal_environment,cool,after_ripening_environment,warm,mircosite_environment,shade,#N/A,#N/A,#N/A,20,10,12,28,25,20,5,0,5
2014,Pentameris,airoides,John_Dwyer_and Todd_Erickson,Kings_Park,chambers,maternal_environment,cool,after_ripening_environment,warm,mircosite_environment,sun,#N/A,#N/A,#N/A,20,10,12,28,18,13,5,1,4
2014,Pentameris,airoides,John_Dwyer_and Todd_Erickson,Kings_Park,chambers,maternal_environment,cool,after_ripening_environment,warm,mircosite_environment,sun,#N/A,#N/A,#N/A,20,10,12,28,21,13,8,2,6
2014,Pentameris,airoides,John_Dwyer_and Todd_Erickson,Kings_Park,chambers,maternal_environment,cool,after_ripening_environment,warm,mircosite_environment,sun,#N/A,#N/A,#N/A,20,10,12,28,16,11,5,3,2
2014,Pentameris,airoides,John_Dwyer_and Todd_Erickson,Kings_Park,chambers,maternal_environment,cool,after_ripening_environment,warm,mircosite_environment,sun,#N/A,#N/A,#N/A,20,10,12,28,23,18,5,3,2
2014,Pentameris,airoides,John_Dwyer_and Todd_Erickson,Kings_Park,chambers,maternal_environment,warm,after_ripening_environment,cool,mircosite_environment,shade,#N/A,#N/A,#N/A,20,10,12,28,17,2,15,8,7
2014,Pentameris,airoides,John_Dwyer_and Todd_Erickson,Kings_Park,chambers,maternal_environment,warm,after_ripening_environment,cool,mircosite_environment,shade,#N/A,#N/A,#N/A,20,10,12,28,24,9,15,7,8
2014,Pentameris,airoides,John_Dwyer_and Todd_Erickson,Kings_Park,chambers,maternal_environment,warm,after_ripening_environment,cool,mircosite_environment,shade,#N/A,#N/A,#N/A,20,10,12,28,11,4,7,3,4
2014,Pentameris,airoides,John_Dwyer_and Todd_Erickson,Kings_Park,chambers,maternal_environment,warm,after_ripening_environment,cool,mircosite_environment,shade,#N/A,#N/A,#N/A,20,10,12,28,24,0,24,5,19
2014,Pentameris,airoides,John_Dwyer_and Todd_Erickson,Kings_Park,chambers,maternal_environment,warm,after_ripening_environment,cool,mircosite_environment,sun,#N/A,#N/A,#N/A,20,10,12,28,15,3,12,9,3
2014,Pentameris,airoides,John_Dwyer_and Todd_Erickson,Kings_Park,chambers,maternal_environment,warm,after_ripening_environment,cool,mircosite_environment,sun,#N/A,#N/A,#N/A,20,10,12,28,23,6,17,10,7
2014,Pentameris,airoides,John_Dwyer_and Todd_Erickson,Kings_Park,chambers,maternal_environment,warm,after_ripening_environment,cool,mircosite_environment,sun,#N/A,#N/A,#N/A,20,10,12,28,16,5,11,5,6
2014,Pentameris,airoides,John_Dwyer_and Todd_Erickson,Kings_Park,chambers,maternal_environment,warm,after_ripening_environment,cool,mircosite_environment,sun,#N/A,#N/A,#N/A,20,10,12,28,17,4,13,6,7
2014,Pentameris,airoides,John_Dwyer_and Todd_Erickson,Kings_Park,chambers,maternal_environment,warm,after_ripening_environment,warm,mircosite_environment,shade,#N/A,#N/A,#N/A,20,10,12,28,12,2,10,5,5
2014,Pentameris,airoides,John_Dwyer_and Todd_Erickson,Kings_Park,chambers,maternal_environment,warm,after_ripening_environment,warm,mircosite_environment,shade,#N/A,#N/A,#N/A,20,10,12,28,13,4,9,4,5
2014,Pentameris,airoides,John_Dwyer_and Todd_Erickson,Kings_Park,chambers,maternal_environment,warm,after_ripening_environment,warm,mircosite_environment,shade,#N/A,#N/A,#N/A,20,10,12,28,12,7,5,4,1
2014,Pentameris,airoides,John_Dwyer_and Todd_Erickson,Kings_Park,chambers,maternal_environment,warm,after_ripening_environment,warm,mircosite_environment,shade,#N/A,#N/A,#N/A,20,10,12,28,17,11,6,0,6
2014,Pentameris,airoides,John_Dwyer_and Todd_Erickson,Kings_Park,chambers,maternal_environment,warm,after_ripening_environment,warm,mircosite_environment,sun,#N/A,#N/A,#N/A,20,10,12,28,9,6,3,3,0
2014,Pentameris,airoides,John_Dwyer_and Todd_Erickson,Kings_Park,chambers,maternal_environment,warm,after_ripening_environment,warm,mircosite_environment,sun,#N/A,#N/A,#N/A,20,10,12,28,11,6,5,1,4
2014,Pentameris,airoides,John_Dwyer_and Todd_Erickson,Kings_Park,chambers,maternal_environment,warm,after_ripening_environment,warm,mircosite_environment,sun,#N/A,#N/A,#N/A,20,10,12,28,13,6,7,2,5
2014,Pentameris,airoides,John_Dwyer_and Todd_Erickson,Kings_Park,chambers,maternal_environment,warm,after_ripening_environment,warm,mircosite_environment,sun,#N/A,#N/A,#N/A,20,10,12,28,13,4,9,3,6
2014,Podolepis,lessonii,John_Dwyer_and Todd_Erickson,Kings_Park,chambers,maternal_environment,cool,after_ripening_environment,cool,mircosite_environment,shade,#N/A,#N/A,#N/A,15,5,12,28,19,16,3,0,3
2014,Podolepis,lessonii,John_Dwyer_and Todd_Erickson,Kings_Park,chambers,maternal_environment,cool,after_ripening_environment,cool,mircosite_environment,shade,#N/A,#N/A,#N/A,15,5,12,28,22,16,6,0,6
2014,Podolepis,lessonii,John_Dwyer_and Todd_Erickson,Kings_Park,chambers,maternal_environment,cool,after_ripening_environment,cool,mircosite_environment,shade,#N/A,#N/A,#N/A,15,5,12,28,19,14,5,0,5
2014,Podolepis,lessonii,John_Dwyer_and Todd_Erickson,Kings_Park,chambers,maternal_environment,cool,after_ripening_environment,cool,mircosite_environment,shade,#N/A,#N/A,#N/A,15,5,12,28,20,16,4,0,4
2014,Podolepis,lessonii,John_Dwyer_and Todd_Erickson,Kings_Park,chambers,maternal_environment,cool,after_ripening_environment,cool,mircosite_environment,sun,#N/A,#N/A,#N/A,15,5,12,28,19,4,15,0,15
2014,Podolepis,lessonii,John_Dwyer_and Todd_Erickson,Kings_Park,chambers,maternal_environment,cool,after_ripening_environment,cool,mircosite_environment,sun,#N/A,#N/A,#N/A,15,5,12,28,19,3,16,0,16
2014,Podolepis,lessonii,John_Dwyer_and Todd_Erickson,Kings_Park,chambers,maternal_environment,cool,after_ripening_environment,cool,mircosite_environment,sun,#N/A,#N/A,#N/A,15,5,12,28,19,2,17,0,17
2014,Podolepis,lessonii,John_Dwyer_and Todd_Erickson,Kings_Park,chambers,maternal_environment,cool,after_ripening_environment,cool,mircosite_environment,sun,#N/A,#N/A,#N/A,15,5,12,28,20,5,15,0,15
2014,Podolepis,lessonii,John_Dwyer_and Todd_Erickson,Kings_Park,chambers,maternal_environment,cool,after_ripening_environment,warm,mircosite_environment,shade,#N/A,#N/A,#N/A,15,5,12,28,17,15,2,0,2
2014,Podolepis,lessonii,John_Dwyer_and Todd_Erickson,Kings_Park,chambers,maternal_environment,cool,after_ripening_environment,warm,mircosite_environment,shade,#N/A,#N/A,#N/A,15,5,12,28,21,14,7,0,7
2014,Podolepis,lessonii,John_Dwyer_and Todd_Erickson,Kings_Park,chambers,maternal_environment,cool,after_ripening_environment,warm,mircosite_environment,shade,#N/A,#N/A,#N/A,15,5,12,28,16,5,11,0,11
2014,Podolepis,lessonii,John_Dwyer_and Todd_Erickson,Kings_Park,chambers,maternal_environment,cool,after_ripening_environment,warm,mircosite_environment,shade,#N/A,#N/A,#N/A,15,5,12,28,18,7,11,0,11
2014,Podolepis,lessonii,John_Dwyer_and Todd_Erickson,Kings_Park,chambers,maternal_environment,cool,after_ripening_environment,warm,mircosite_environment,sun,#N/A,#N/A,#N/A,15,5,12,28,12,10,2,0,2
2014,Podolepis,lessonii,John_Dwyer_and Todd_Erickson,Kings_Park,chambers,maternal_environment,cool,after_ripening_environment,warm,mircosite_environment,sun,#N/A,#N/A,#N/A,15,5,12,28,19,17,2,0,2
2014,Podolepis,lessonii,John_Dwyer_and Todd_Erickson,Kings_Park,chambers,maternal_environment,cool,after_ripening_environment,warm,mircosite_environment,sun,#N/A,#N/A,#N/A,15,5,12,28,16,14,2,0,2
2014,Podolepis,lessonii,John_Dwyer_and Todd_Erickson,Kings_Park,chambers,maternal_environment,cool,after_ripening_environment,warm,mircosite_environment,sun,#N/A,#N/A,#N/A,15,5,12,28,17,14,3,0,3
2014,Podolepis,lessonii,John_Dwyer_and Todd_Erickson,Kings_Park,chambers,maternal_environment,warm,after_ripening_environment,cool,mircosite_environment,shade,#N/A,#N/A,#N/A,15,5,12,28,15,2,13,0,13
2014,Podolepis,lessonii,John_Dwyer_and Todd_Erickson,Kings_Park,chambers,maternal_environment,warm,after_ripening_environment,cool,mircosite_environment,shade,#N/A,#N/A,#N/A,15,5,12,28,17,8,9,0,9
2014,Podolepis,lessonii,John_Dwyer_and Todd_Erickson,Kings_Park,chambers,maternal_environment,warm,after_ripening_environment,cool,mircosite_environment,shade,#N/A,#N/A,#N/A,15,5,12,28,9,4,5,0,5
2014,Podolepis,lessonii,John_Dwyer_and Todd_Erickson,Kings_Park,chambers,maternal_environment,warm,after_ripening_environment,cool,mircosite_environment,shade,#N/A,#N/A,#N/A,15,5,12,28,12,6,6,0,6
2014,Podolepis,lessonii,John_Dwyer_and Todd_Erickson,Kings_Park,chambers,maternal_environment,warm,after_ripening_environment,cool,mircosite_environment,sun,#N/A,#N/A,#N/A,15,5,12,28,9,0,9,0,9
2014,Podolepis,lessonii,John_Dwyer_and Todd_Erickson,Kings_Park,chambers,maternal_environment,warm,after_ripening_environment,cool,mircosite_environment,sun,#N/A,#N/A,#N/A,15,5,12,28,13,0,13,0,13
2014,Podolepis,lessonii,John_Dwyer_and Todd_Erickson,Kings_Park,chambers,maternal_environment,warm,after_ripening_environment,cool,mircosite_environment,sun,#N/A,#N/A,#N/A,15,5,12,28,9,3,6,0,6
2014,Podolepis,lessonii,John_Dwyer_and Todd_Erickson,Kings_Park,chambers,maternal_environment,warm,after_ripening_environment,cool,mircosite_environment,sun,#N/A,#N/A,#N/A,15,5,12,28,11,4,7,0,7
2014,Podolepis,lessonii,John_Dwyer_and Todd_Erickson,Kings_Park,chambers,maternal_environment,warm,after_ripening_environment,warm,mircosite_environment,shade,#N/A,#N/A,#N/A,15,5,12,28,10,8,2,0,2
2014,Podolepis,lessonii,John_Dwyer_and Todd_Erickson,Kings_Park,chambers,maternal_environment,warm,after_ripening_environment,warm,mircosite_environment,shade,#N/A,#N/A,#N/A,15,5,12,28,13,9,4,0,4
2014,Podolepis,lessonii,John_Dwyer_and Todd_Erickson,Kings_Park,chambers,maternal_environment,warm,after_ripening_environment,warm,mircosite_environment,shade,#N/A,#N/A,#N/A,15,5,12,28,17,12,5,0,5
2014,Podolepis,lessonii,John_Dwyer_and Todd_Erickson,Kings_Park,chambers,maternal_environment,warm,after_ripening_environment,warm,mircosite_environment,shade,#N/A,#N/A,#N/A,15,5,12,28,20,15,5,0,5
2014,Podolepis,lessonii,John_Dwyer_and Todd_Erickson,Kings_Park,chambers,maternal_environment,warm,after_ripening_environment,warm,mircosite_environment,sun,#N/A,#N/A,#N/A,15,5,12,28,12,8,4,0,4
2014,Podolepis,lessonii,John_Dwyer_and Todd_Erickson,Kings_Park,chambers,maternal_environment,warm,after_ripening_environment,warm,mircosite_environment,sun,#N/A,#N/A,#N/A,15,5,12,28,15,11,4,0,4
2014,Podolepis,lessonii,John_Dwyer_and Todd_Erickson,Kings_Park,chambers,maternal_environment,cool,after_ripening_environment,cool,mircosite_environment,shade,#N/A,#N/A,#N/A,20,10,12,28,21,20,1,0,1
2014,Podolepis,lessonii,John_Dwyer_and Todd_Erickson,Kings_Park,chambers,maternal_environment,cool,after_ripening_environment,cool,mircosite_environment,shade,#N/A,#N/A,#N/A,20,10,12,28,21,21,0,0,0
2014,Podolepis,lessonii,John_Dwyer_and Todd_Erickson,Kings_Park,chambers,maternal_environment,cool,after_ripening_environment,cool,mircosite_environment,shade,#N/A,#N/A,#N/A,20,10,12,28,20,17,3,0,3
2014,Podolepis,lessonii,John_Dwyer_and Todd_Erickson,Kings_Park,chambers,maternal_environment,cool,after_ripening_environment,cool,mircosite_environment,shade,#N/A,#N/A,#N/A,20,10,12,28,21,18,3,0,3
2014,Podolepis,lessonii,John_Dwyer_and Todd_Erickson,Kings_Park,chambers,maternal_environment,cool,after_ripening_environment,cool,mircosite_environment,sun,#N/A,#N/A,#N/A,20,10,12,28,17,3,14,0,14
2014,Podolepis,lessonii,John_Dwyer_and Todd_Erickson,Kings_Park,chambers,maternal_environment,cool,after_ripening_environment,cool,mircosite_environment,sun,#N/A,#N/A,#N/A,20,10,12,28,22,2,20,0,20
2014,Podolepis,lessonii,John_Dwyer_and Todd_Erickson,Kings_Park,chambers,maternal_environment,cool,after_ripening_environment,cool,mircosite_environment,sun,#N/A,#N/A,#N/A,20,10,12,28,18,8,10,0,10
2014,Podolepis,lessonii,John_Dwyer_and Todd_Erickson,Kings_Park,chambers,maternal_environment,cool,after_ripening_environment,cool,mircosite_environment,sun,#N/A,#N/A,#N/A,20,10,12,28,22,8,14,0,14
2014,Podolepis,lessonii,John_Dwyer_and Todd_Erickson,Kings_Park,chambers,maternal_environment,cool,after_ripening_environment,warm,mircosite_environment,shade,#N/A,#N/A,#N/A,20,10,12,28,18,16,2,0,2
2014,Podolepis,lessonii,John_Dwyer_and Todd_Erickson,Kings_Park,chambers,maternal_environment,cool,after_ripening_environment,warm,mircosite_environment,shade,#N/A,#N/A,#N/A,20,10,12,28,20,18,2,0,2
2014,Podolepis,lessonii,John_Dwyer_and Todd_Erickson,Kings_Park,chambers,maternal_environment,cool,after_ripening_environment,warm,mircosite_environment,shade,#N/A,#N/A,#N/A,20,10,12,28,14,8,6,0,6
2014,Podolepis,lessonii,John_Dwyer_and Todd_Erickson,Kings_Park,chambers,maternal_environment,cool,after_ripening_environment,warm,mircosite_environment,shade,#N/A,#N/A,#N/A,20,10,12,28,20,10,10,0,10
2014,Podolepis,lessonii,John_Dwyer_and Todd_Erickson,Kings_Park,chambers,maternal_environment,cool,after_ripening_environment,warm,mircosite_environment,sun,#N/A,#N/A,#N/A,20,10,12,28,16,13,3,0,3
2014,Podolepis,lessonii,John_Dwyer_and Todd_Erickson,Kings_Park,chambers,maternal_environment,cool,after_ripening_environment,warm,mircosite_environment,sun,#N/A,#N/A,#N/A,20,10,12,28,16,14,2,0,2
2014,Podolepis,lessonii,John_Dwyer_and Todd_Erickson,Kings_Park,chambers,maternal_environment,cool,after_ripening_environment,warm,mircosite_environment,sun,#N/A,#N/A,#N/A,20,10,12,28,13,13,0,0,0
2014,Podolepis,lessonii,John_Dwyer_and Todd_Erickson,Kings_Park,chambers,maternal_environment,cool,after_ripening_environment,warm,mircosite_environment,sun,#N/A,#N/A,#N/A,20,10,12,28,22,19,3,0,3
2014,Podolepis,lessonii,John_Dwyer_and Todd_Erickson,Kings_Park,chambers,maternal_environment,warm,after_ripening_environment,cool,mircosite_environment,shade,#N/A,#N/A,#N/A,20,10,12,28,13,9,4,0,4
2014,Podolepis,lessonii,John_Dwyer_and Todd_Erickson,Kings_Park,chambers,maternal_environment,warm,after_ripening_environment,cool,mircosite_environment,shade,#N/A,#N/A,#N/A,20,10,12,28,23,7,16,0,16
2014,Podolepis,lessonii,John_Dwyer_and Todd_Erickson,Kings_Park,chambers,maternal_environment,warm,after_ripening_environment,cool,mircosite_environment,shade,#N/A,#N/A,#N/A,20,10,12,28,9,8,1,0,1
2014,Podolepis,lessonii,John_Dwyer_and Todd_Erickson,Kings_Park,chambers,maternal_environment,warm,after_ripening_environment,cool,mircosite_environment,shade,#N/A,#N/A,#N/A,20,10,12,28,13,11,2,0,2
2014,Podolepis,lessonii,John_Dwyer_and Todd_Erickson,Kings_Park,chambers,maternal_environment,warm,after_ripening_environment,cool,mircosite_environment,sun,#N/A,#N/A,#N/A,20,10,12,28,8,0,8,0,8
2014,Podolepis,lessonii,John_Dwyer_and Todd_Erickson,Kings_Park,chambers,maternal_environment,warm,after_ripening_environment,cool,mircosite_environment,sun,#N/A,#N/A,#N/A,20,10,12,28,11,0,11,0,11
2014,Podolepis,lessonii,John_Dwyer_and Todd_Erickson,Kings_Park,chambers,maternal_environment,warm,after_ripening_environment,cool,mircosite_environment,sun,#N/A,#N/A,#N/A,20,10,12,28,10,5,5,0,5
2014,Podolepis,lessonii,John_Dwyer_and Todd_Erickson,Kings_Park,chambers,maternal_environment,warm,after_ripening_environment,cool,mircosite_environment,sun,#N/A,#N/A,#N/A,20,10,12,28,11,5,6,0,6
2014,Podolepis,lessonii,John_Dwyer_and Todd_Erickson,Kings_Park,chambers,maternal_environment,warm,after_ripening_environment,warm,mircosite_environment,shade,#N/A,#N/A,#N/A,20,10,12,28,11,10,1,0,1
2014,Podolepis,lessonii,John_Dwyer_and Todd_Erickson,Kings_Park,chambers,maternal_environment,warm,after_ripening_environment,warm,mircosite_environment,shade,#N/A,#N/A,#N/A,20,10,12,28,14,12,2,0,2
2014,Podolepis,lessonii,John_Dwyer_and Todd_Erickson,Kings_Park,chambers,maternal_environment,warm,after_ripening_environment,warm,mircosite_environment,shade,#N/A,#N/A,#N/A,20,10,12,28,14,10,4,0,4
2014,Podolepis,lessonii,John_Dwyer_and Todd_Erickson,Kings_Park,chambers,maternal_environment,warm,after_ripening_environment,warm,mircosite_environment,shade,#N/A,#N/A,#N/A,20,10,12,28,24,11,13,0,13
2014,Podolepis,lessonii,John_Dwyer_and Todd_Erickson,Kings_Park,chambers,maternal_environment,warm,after_ripening_environment,warm,mircosite_environment,sun,#N/A,#N/A,#N/A,20,10,12,28,11,7,4,0,4
2014,Podolepis,lessonii,John_Dwyer_and Todd_Erickson,Kings_Park,chambers,maternal_environment,warm,after_ripening_environment,warm,mircosite_environment,sun,#N/A,#N/A,#N/A,20,10,12,28,16,10,6,0,6
2014,Trachymene,cyanopetala,John_Dwyer_and Todd_Erickson,Kings_Park,chambers,maternal_environment,cool,after_ripening_environment,cool,mircosite_environment,shade,#N/A,#N/A,#N/A,15,5,12,28,25,0,25,12,13
2014,Trachymene,cyanopetala,John_Dwyer_and Todd_Erickson,Kings_Park,chambers,maternal_environment,cool,after_ripening_environment,cool,mircosite_environment,shade,#N/A,#N/A,#N/A,15,5,12,28,25,0,25,15,10
2014,Trachymene,cyanopetala,John_Dwyer_and Todd_Erickson,Kings_Park,chambers,maternal_environment,cool,after_ripening_environment,cool,mircosite_environment,shade,#N/A,#N/A,#N/A,15,5,12,28,20,1,19,3,16
2014,Trachymene,cyanopetala,John_Dwyer_and Todd_Erickson,Kings_Park,chambers,maternal_environment,cool,after_ripening_environment,cool,mircosite_environment,shade,#N/A,#N/A,#N/A,15,5,12,28,29,0,29,5,24
2014,Trachymene,cyanopetala,John_Dwyer_and Todd_Erickson,Kings_Park,chambers,maternal_environment,cool,after_ripening_environment,cool,mircosite_environment,sun,#N/A,#N/A,#N/A,15,5,12,28,23,1,22,6,16
2014,Trachymene,cyanopetala,John_Dwyer_and Todd_Erickson,Kings_Park,chambers,maternal_environment,cool,after_ripening_environment,cool,mircosite_environment,sun,#N/A,#N/A,#N/A,15,5,12,28,26,0,26,15,11
2014,Trachymene,cyanopetala,John_Dwyer_and Todd_Erickson,Kings_Park,chambers,maternal_environment,cool,after_ripening_environment,cool,mircosite_environment,sun,#N/A,#N/A,#N/A,15,5,12,28,21,0,21,9,12
2014,Trachymene,cyanopetala,John_Dwyer_and Todd_Erickson,Kings_Park,chambers,maternal_environment,cool,after_ripening_environment,cool,mircosite_environment,sun,#N/A,#N/A,#N/A,15,5,12,28,28,0,28,13,15
2014,Trachymene,cyanopetala,John_Dwyer_and Todd_Erickson,Kings_Park,chambers,maternal_environment,cool,after_ripening_environment,warm,mircosite_environment,shade,#N/A,#N/A,#N/A,15,5,12,28,29,1,28,13,15
2014,Trachymene,cyanopetala,John_Dwyer_and Todd_Erickson,Kings_Park,chambers,maternal_environment,cool,after_ripening_environment,warm,mircosite_environment,shade,#N/A,#N/A,#N/A,15,5,12,28,40,0,40,22,18
2014,Trachymene,cyanopetala,John_Dwyer_and Todd_Erickson,Kings_Park,chambers,maternal_environment,cool,after_ripening_environment,warm,mircosite_environment,sun,#N/A,#N/A,#N/A,15,5,12,28,24,0,24,12,12
2014,Trachymene,cyanopetala,John_Dwyer_and Todd_Erickson,Kings_Park,chambers,maternal_environment,cool,after_ripening_environment,warm,mircosite_environment,sun,#N/A,#N/A,#N/A,15,5,12,28,26,0,26,17,9
2014,Trachymene,cyanopetala,John_Dwyer_and Todd_Erickson,Kings_Park,chambers,maternal_environment,warm,after_ripening_environment,cool,mircosite_environment,shade,#N/A,#N/A,#N/A,15,5,12,28,20,3,17,14,3
2014,Trachymene,cyanopetala,John_Dwyer_and Todd_Erickson,Kings_Park,chambers,maternal_environment,warm,after_ripening_environment,cool,mircosite_environment,shade,#N/A,#N/A,#N/A,15,5,12,28,30,1,29,23,6
2014,Trachymene,cyanopetala,John_Dwyer_and Todd_Erickson,Kings_Park,chambers,maternal_environment,warm,after_ripening_environment,cool,mircosite_environment,shade,#N/A,#N/A,#N/A,15,5,12,28,22,0,22,3,19
2014,Trachymene,cyanopetala,John_Dwyer_and Todd_Erickson,Kings_Park,chambers,maternal_environment,warm,after_ripening_environment,cool,mircosite_environment,shade,#N/A,#N/A,#N/A,15,5,12,28,30,0,30,7,23
2014,Trachymene,cyanopetala,John_Dwyer_and Todd_Erickson,Kings_Park,chambers,maternal_environment,warm,after_ripening_environment,cool,mircosite_environment,sun,#N/A,#N/A,#N/A,15,5,12,28,24,1,23,23,0
2014,Trachymene,cyanopetala,John_Dwyer_and Todd_Erickson,Kings_Park,chambers,maternal_environment,warm,after_ripening_environment,cool,mircosite_environment,sun,#N/A,#N/A,#N/A,15,5,12,28,27,0,27,23,4
2014,Trachymene,cyanopetala,John_Dwyer_and Todd_Erickson,Kings_Park,chambers,maternal_environment,warm,after_ripening_environment,cool,mircosite_environment,sun,#N/A,#N/A,#N/A,15,5,12,28,20,3,17,17,0
2014,Trachymene,cyanopetala,John_Dwyer_and Todd_Erickson,Kings_Park,chambers,maternal_environment,warm,after_ripening_environment,cool,mircosite_environment,sun,#N/A,#N/A,#N/A,15,5,12,28,29,2,27,27,0
2014,Trachymene,cyanopetala,John_Dwyer_and Todd_Erickson,Kings_Park,chambers,maternal_environment,warm,after_ripening_environment,warm,mircosite_environment,shade,#N/A,#N/A,#N/A,15,5,12,28,24,4,20,20,0
2014,Trachymene,cyanopetala,John_Dwyer_and Todd_Erickson,Kings_Park,chambers,maternal_environment,warm,after_ripening_environment,warm,mircosite_environment,shade,#N/A,#N/A,#N/A,15,5,12,28,26,4,22,22,0
2014,Trachymene,cyanopetala,John_Dwyer_and Todd_Erickson,Kings_Park,chambers,maternal_environment,warm,after_ripening_environment,warm,mircosite_environment,shade,#N/A,#N/A,#N/A,15,5,12,28,24,2,22,19,3
2014,Trachymene,cyanopetala,John_Dwyer_and Todd_Erickson,Kings_Park,chambers,maternal_environment,warm,after_ripening_environment,warm,mircosite_environment,shade,#N/A,#N/A,#N/A,15,5,12,28,27,1,26,26,0
2014,Trachymene,cyanopetala,John_Dwyer_and Todd_Erickson,Kings_Park,chambers,maternal_environment,warm,after_ripening_environment,warm,mircosite_environment,sun,#N/A,#N/A,#N/A,15,5,12,28,23,3,20,19,1
2014,Trachymene,cyanopetala,John_Dwyer_and Todd_Erickson,Kings_Park,chambers,maternal_environment,warm,after_ripening_environment,warm,mircosite_environment,sun,#N/A,#N/A,#N/A,15,5,12,28,26,4,22,22,0
2014,Trachymene,cyanopetala,John_Dwyer_and Todd_Erickson,Kings_Park,chambers,maternal_environment,warm,after_ripening_environment,warm,mircosite_environment,sun,#N/A,#N/A,#N/A,15,5,12,28,24,1,23,23,0
2014,Trachymene,cyanopetala,John_Dwyer_and Todd_Erickson,Kings_Park,chambers,maternal_environment,warm,after_ripening_environment,warm,mircosite_environment,sun,#N/A,#N/A,#N/A,15,5,12,28,28,5,23,20,3
2014,Trachymene,cyanopetala,John_Dwyer_and Todd_Erickson,Kings_Park,chambers,maternal_environment,cool,after_ripening_environment,cool,mircosite_environment,shade,#N/A,#N/A,#N/A,20,10,12,28,23,2,21,6,15
2014,Trachymene,cyanopetala,John_Dwyer_and Todd_Erickson,Kings_Park,chambers,maternal_environment,cool,after_ripening_environment,cool,mircosite_environment,shade,#N/A,#N/A,#N/A,20,10,12,28,26,3,23,11,12
2014,Trachymene,cyanopetala,John_Dwyer_and Todd_Erickson,Kings_Park,chambers,maternal_environment,cool,after_ripening_environment,cool,mircosite_environment,shade,#N/A,#N/A,#N/A,20,10,12,28,23,0,23,7,16
2014,Trachymene,cyanopetala,John_Dwyer_and Todd_Erickson,Kings_Park,chambers,maternal_environment,cool,after_ripening_environment,cool,mircosite_environment,shade,#N/A,#N/A,#N/A,20,10,12,28,26,1,25,3,22
2014,Trachymene,cyanopetala,John_Dwyer_and Todd_Erickson,Kings_Park,chambers,maternal_environment,cool,after_ripening_environment,cool,mircosite_environment,sun,#N/A,#N/A,#N/A,20,10,12,28,22,3,19,7,12
2014,Trachymene,cyanopetala,John_Dwyer_and Todd_Erickson,Kings_Park,chambers,maternal_environment,cool,after_ripening_environment,cool,mircosite_environment,sun,#N/A,#N/A,#N/A,20,10,12,28,28,3,25,12,13
2014,Trachymene,cyanopetala,John_Dwyer_and Todd_Erickson,Kings_Park,chambers,maternal_environment,cool,after_ripening_environment,cool,mircosite_environment,sun,#N/A,#N/A,#N/A,20,10,12,28,24,2,22,10,12
2014,Trachymene,cyanopetala,John_Dwyer_and Todd_Erickson,Kings_Park,chambers,maternal_environment,cool,after_ripening_environment,cool,mircosite_environment,sun,#N/A,#N/A,#N/A,20,10,12,28,26,0,26,16,10
2014,Trachymene,cyanopetala,John_Dwyer_and Todd_Erickson,Kings_Park,chambers,maternal_environment,cool,after_ripening_environment,warm,mircosite_environment,shade,#N/A,#N/A,#N/A,20,10,12,28,33,2,31,11,20
2014,Trachymene,cyanopetala,John_Dwyer_and Todd_Erickson,Kings_Park,chambers,maternal_environment,cool,after_ripening_environment,warm,mircosite_environment,shade,#N/A,#N/A,#N/A,20,10,12,28,36,4,32,16,16
2014,Trachymene,cyanopetala,John_Dwyer_and Todd_Erickson,Kings_Park,chambers,maternal_environment,cool,after_ripening_environment,warm,mircosite_environment,sun,#N/A,#N/A,#N/A,20,10,12,28,25,4,21,14,7
2014,Trachymene,cyanopetala,John_Dwyer_and Todd_Erickson,Kings_Park,chambers,maternal_environment,cool,after_ripening_environment,warm,mircosite_environment,sun,#N/A,#N/A,#N/A,20,10,12,28,25,5,20,8,12
2014,Trachymene,cyanopetala,John_Dwyer_and Todd_Erickson,Kings_Park,chambers,maternal_environment,warm,after_ripening_environment,cool,mircosite_environment,shade,#N/A,#N/A,#N/A,20,10,12,28,25,4,21,13,8
2014,Trachymene,cyanopetala,John_Dwyer_and Todd_Erickson,Kings_Park,chambers,maternal_environment,warm,after_ripening_environment,cool,mircosite_environment,shade,#N/A,#N/A,#N/A,20,10,12,28,26,2,24,16,8
2014,Trachymene,cyanopetala,John_Dwyer_and Todd_Erickson,Kings_Park,chambers,maternal_environment,warm,after_ripening_environment,cool,mircosite_environment,shade,#N/A,#N/A,#N/A,20,10,12,28,22,0,22,3,19
2014,Trachymene,cyanopetala,John_Dwyer_and Todd_Erickson,Kings_Park,chambers,maternal_environment,warm,after_ripening_environment,cool,mircosite_environment,shade,#N/A,#N/A,#N/A,20,10,12,28,31,2,29,4,25
2014,Trachymene,cyanopetala,John_Dwyer_and Todd_Erickson,Kings_Park,chambers,maternal_environment,warm,after_ripening_environment,cool,mircosite_environment,sun,#N/A,#N/A,#N/A,20,10,12,28,25,3,22,21,1
2014,Trachymene,cyanopetala,John_Dwyer_and Todd_Erickson,Kings_Park,chambers,maternal_environment,warm,after_ripening_environment,cool,mircosite_environment,sun,#N/A,#N/A,#N/A,20,10,12,28,25,5,20,20,0
2014,Trachymene,cyanopetala,John_Dwyer_and Todd_Erickson,Kings_Park,chambers,maternal_environment,warm,after_ripening_environment,cool,mircosite_environment,sun,#N/A,#N/A,#N/A,20,10,12,28,20,6,14,14,0
2014,Trachymene,cyanopetala,John_Dwyer_and Todd_Erickson,Kings_Park,chambers,maternal_environment,warm,after_ripening_environment,cool,mircosite_environment,sun,#N/A,#N/A,#N/A,20,10,12,28,30,10,20,18,2
2014,Trachymene,cyanopetala,John_Dwyer_and Todd_Erickson,Kings_Park,chambers,maternal_environment,warm,after_ripening_environment,warm,mircosite_environment,shade,#N/A,#N/A,#N/A,20,10,12,28,22,10,12,10,2
2014,Trachymene,cyanopetala,John_Dwyer_and Todd_Erickson,Kings_Park,chambers,maternal_environment,warm,after_ripening_environment,warm,mircosite_environment,shade,#N/A,#N/A,#N/A,20,10,12,28,27,11,16,14,2
2014,Trachymene,cyanopetala,John_Dwyer_and Todd_Erickson,Kings_Park,chambers,maternal_environment,warm,after_ripening_environment,warm,mircosite_environment,shade,#N/A,#N/A,#N/A,20,10,12,28,24,5,19,19,0
2014,Trachymene,cyanopetala,John_Dwyer_and Todd_Erickson,Kings_Park,chambers,maternal_environment,warm,after_ripening_environment,warm,mircosite_environment,shade,#N/A,#N/A,#N/A,20,10,12,28,28,3,25,24,1
2014,Trachymene,cyanopetala,John_Dwyer_and Todd_Erickson,Kings_Park,chambers,maternal_environment,warm,after_ripening_environment,warm,mircosite_environment,sun,#N/A,#N/A,#N/A,20,10,12,28,24,9,15,13,2
2014,Trachymene,cyanopetala,John_Dwyer_and Todd_Erickson,Kings_Park,chambers,maternal_environment,warm,after_ripening_environment,warm,mircosite_environment,sun,#N/A,#N/A,#N/A,20,10,12,28,25,11,14,12,2
2014,Trachymene,cyanopetala,John_Dwyer_and Todd_Erickson,Kings_Park,chambers,maternal_environment,warm,after_ripening_environment,warm,mircosite_environment,sun,#N/A,#N/A,#N/A,20,10,12,28,23,15,8,8,0
2014,Trachymene,cyanopetala,John_Dwyer_and Todd_Erickson,Kings_Park,chambers,maternal_environment,warm,after_ripening_environment,warm,mircosite_environment,sun,#N/A,#N/A,#N/A,20,10,12,28,29,12,17,16,1
2014,Trachymene,ornata,John_Dwyer_and Todd_Erickson,Kings_Park,chambers,maternal_environment,cool,after_ripening_environment,cool,mircosite_environment,shade,#N/A,#N/A,#N/A,15,5,12,28,21,0,21,7,14
2014,Trachymene,ornata,John_Dwyer_and Todd_Erickson,Kings_Park,chambers,maternal_environment,cool,after_ripening_environment,cool,mircosite_environment,shade,#N/A,#N/A,#N/A,15,5,12,28,28,0,28,6,22
2014,Trachymene,ornata,John_Dwyer_and Todd_Erickson,Kings_Park,chambers,maternal_environment,cool,after_ripening_environment,cool,mircosite_environment,shade,#N/A,#N/A,#N/A,15,5,12,28,22,0,22,5,17
2014,Trachymene,ornata,John_Dwyer_and Todd_Erickson,Kings_Park,chambers,maternal_environment,cool,after_ripening_environment,cool,mircosite_environment,shade,#N/A,#N/A,#N/A,15,5,12,28,28,0,28,3,25
2014,Trachymene,ornata,John_Dwyer_and Todd_Erickson,Kings_Park,chambers,maternal_environment,cool,after_ripening_environment,cool,mircosite_environment,sun,#N/A,#N/A,#N/A,15,5,12,28,22,0,22,4,18
2014,Trachymene,ornata,John_Dwyer_and Todd_Erickson,Kings_Park,chambers,maternal_environment,cool,after_ripening_environment,cool,mircosite_environment,sun,#N/A,#N/A,#N/A,15,5,12,28,27,0,27,7,20
2014,Trachymene,ornata,John_Dwyer_and Todd_Erickson,Kings_Park,chambers,maternal_environment,cool,after_ripening_environment,cool,mircosite_environment,sun,#N/A,#N/A,#N/A,15,5,12,28,21,0,21,4,17
2014,Trachymene,ornata,John_Dwyer_and Todd_Erickson,Kings_Park,chambers,maternal_environment,cool,after_ripening_environment,cool,mircosite_environment,sun,#N/A,#N/A,#N/A,15,5,12,28,27,0,27,8,19
2014,Trachymene,ornata,John_Dwyer_and Todd_Erickson,Kings_Park,chambers,maternal_environment,cool,after_ripening_environment,warm,mircosite_environment,shade,#N/A,#N/A,#N/A,15,5,12,28,24,0,24,5,19
2014,Trachymene,ornata,John_Dwyer_and Todd_Erickson,Kings_Park,chambers,maternal_environment,cool,after_ripening_environment,warm,mircosite_environment,shade,#N/A,#N/A,#N/A,15,5,12,28,26,1,25,6,19
2014,Trachymene,ornata,John_Dwyer_and Todd_Erickson,Kings_Park,chambers,maternal_environment,cool,after_ripening_environment,warm,mircosite_environment,shade,#N/A,#N/A,#N/A,15,5,12,28,23,2,21,3,18
2014,Trachymene,ornata,John_Dwyer_and Todd_Erickson,Kings_Park,chambers,maternal_environment,cool,after_ripening_environment,warm,mircosite_environment,shade,#N/A,#N/A,#N/A,15,5,12,28,26,0,26,10,16
2014,Trachymene,ornata,John_Dwyer_and Todd_Erickson,Kings_Park,chambers,maternal_environment,cool,after_ripening_environment,warm,mircosite_environment,sun,#N/A,#N/A,#N/A,15,5,12,28,24,1,23,4,19
2014,Trachymene,ornata,John_Dwyer_and Todd_Erickson,Kings_Park,chambers,maternal_environment,cool,after_ripening_environment,warm,mircosite_environment,sun,#N/A,#N/A,#N/A,15,5,12,28,25,0,25,8,17
2014,Trachymene,ornata,John_Dwyer_and Todd_Erickson,Kings_Park,chambers,maternal_environment,cool,after_ripening_environment,warm,mircosite_environment,sun,#N/A,#N/A,#N/A,15,5,12,28,21,0,21,6,15
2014,Trachymene,ornata,John_Dwyer_and Todd_Erickson,Kings_Park,chambers,maternal_environment,cool,after_ripening_environment,warm,mircosite_environment,sun,#N/A,#N/A,#N/A,15,5,12,28,29,2,27,3,24
2014,Trachymene,ornata,John_Dwyer_and Todd_Erickson,Kings_Park,chambers,maternal_environment,warm,after_ripening_environment,cool,mircosite_environment,shade,#N/A,#N/A,#N/A,15,5,12,28,21,1,20,17,3
2014,Trachymene,ornata,John_Dwyer_and Todd_Erickson,Kings_Park,chambers,maternal_environment,warm,after_ripening_environment,cool,mircosite_environment,shade,#N/A,#N/A,#N/A,15,5,12,28,28,3,25,21,4
2014,Trachymene,ornata,John_Dwyer_and Todd_Erickson,Kings_Park,chambers,maternal_environment,warm,after_ripening_environment,cool,mircosite_environment,shade,#N/A,#N/A,#N/A,15,5,12,28,25,2,23,10,13
2014,Trachymene,ornata,John_Dwyer_and Todd_Erickson,Kings_Park,chambers,maternal_environment,warm,after_ripening_environment,cool,mircosite_environment,shade,#N/A,#N/A,#N/A,15,5,12,28,25,2,23,1,22
2014,Trachymene,ornata,John_Dwyer_and Todd_Erickson,Kings_Park,chambers,maternal_environment,warm,after_ripening_environment,cool,mircosite_environment,sun,#N/A,#N/A,#N/A,15,5,12,28,22,3,19,16,3
2014,Trachymene,ornata,John_Dwyer_and Todd_Erickson,Kings_Park,chambers,maternal_environment,warm,after_ripening_environment,cool,mircosite_environment,sun,#N/A,#N/A,#N/A,15,5,12,28,28,4,24,19,5
2014,Trachymene,ornata,John_Dwyer_and Todd_Erickson,Kings_Park,chambers,maternal_environment,warm,after_ripening_environment,cool,mircosite_environment,sun,#N/A,#N/A,#N/A,15,5,12,28,19,0,19,17,2
2014,Trachymene,ornata,John_Dwyer_and Todd_Erickson,Kings_Park,chambers,maternal_environment,warm,after_ripening_environment,cool,mircosite_environment,sun,#N/A,#N/A,#N/A,15,5,12,28,31,2,29,26,3
2014,Trachymene,ornata,John_Dwyer_and Todd_Erickson,Kings_Park,chambers,maternal_environment,warm,after_ripening_environment,warm,mircosite_environment,shade,#N/A,#N/A,#N/A,15,5,12,28,21,2,19,14,5
2014,Trachymene,ornata,John_Dwyer_and Todd_Erickson,Kings_Park,chambers,maternal_environment,warm,after_ripening_environment,warm,mircosite_environment,shade,#N/A,#N/A,#N/A,15,5,12,28,27,2,25,23,2
2014,Trachymene,ornata,John_Dwyer_and Todd_Erickson,Kings_Park,chambers,maternal_environment,warm,after_ripening_environment,warm,mircosite_environment,shade,#N/A,#N/A,#N/A,15,5,12,28,18,2,16,14,2
2014,Trachymene,ornata,John_Dwyer_and Todd_Erickson,Kings_Park,chambers,maternal_environment,warm,after_ripening_environment,warm,mircosite_environment,shade,#N/A,#N/A,#N/A,15,5,12,28,30,3,27,25,2
2014,Trachymene,ornata,John_Dwyer_and Todd_Erickson,Kings_Park,chambers,maternal_environment,warm,after_ripening_environment,warm,mircosite_environment,sun,#N/A,#N/A,#N/A,15,5,12,28,19,4,15,12,3
2014,Trachymene,ornata,John_Dwyer_and Todd_Erickson,Kings_Park,chambers,maternal_environment,warm,after_ripening_environment,warm,mircosite_environment,sun,#N/A,#N/A,#N/A,15,5,12,28,29,10,19,15,4
2014,Trachymene,ornata,John_Dwyer_and Todd_Erickson,Kings_Park,chambers,maternal_environment,warm,after_ripening_environment,warm,mircosite_environment,sun,#N/A,#N/A,#N/A,15,5,12,28,17,2,15,13,2
2014,Trachymene,ornata,John_Dwyer_and Todd_Erickson,Kings_Park,chambers,maternal_environment,cool,after_ripening_environment,cool,mircosite_environment,shade,#N/A,#N/A,#N/A,20,10,12,28,23,2,21,3,18
2014,Trachymene,ornata,John_Dwyer_and Todd_Erickson,Kings_Park,chambers,maternal_environment,cool,after_ripening_environment,cool,mircosite_environment,shade,#N/A,#N/A,#N/A,20,10,12,28,27,1,26,7,19
2014,Trachymene,ornata,John_Dwyer_and Todd_Erickson,Kings_Park,chambers,maternal_environment,cool,after_ripening_environment,cool,mircosite_environment,shade,#N/A,#N/A,#N/A,20,10,12,28,24,0,24,1,23
2014,Trachymene,ornata,John_Dwyer_and Todd_Erickson,Kings_Park,chambers,maternal_environment,cool,after_ripening_environment,cool,mircosite_environment,shade,#N/A,#N/A,#N/A,20,10,12,28,25,0,25,2,23
2014,Trachymene,ornata,John_Dwyer_and Todd_Erickson,Kings_Park,chambers,maternal_environment,cool,after_ripening_environment,cool,mircosite_environment,sun,#N/A,#N/A,#N/A,20,10,12,28,25,0,25,4,21
2014,Trachymene,ornata,John_Dwyer_and Todd_Erickson,Kings_Park,chambers,maternal_environment,cool,after_ripening_environment,cool,mircosite_environment,sun,#N/A,#N/A,#N/A,20,10,12,28,25,1,24,5,19
2014,Trachymene,ornata,John_Dwyer_and Todd_Erickson,Kings_Park,chambers,maternal_environment,cool,after_ripening_environment,cool,mircosite_environment,sun,#N/A,#N/A,#N/A,20,10,12,28,23,0,23,10,13
2014,Trachymene,ornata,John_Dwyer_and Todd_Erickson,Kings_Park,chambers,maternal_environment,cool,after_ripening_environment,cool,mircosite_environment,sun,#N/A,#N/A,#N/A,20,10,12,28,25,2,23,3,20
2014,Trachymene,ornata,John_Dwyer_and Todd_Erickson,Kings_Park,chambers,maternal_environment,cool,after_ripening_environment,warm,mircosite_environment,shade,#N/A,#N/A,#N/A,20,10,12,28,23,0,23,6,17
2014,Trachymene,ornata,John_Dwyer_and Todd_Erickson,Kings_Park,chambers,maternal_environment,cool,after_ripening_environment,warm,mircosite_environment,shade,#N/A,#N/A,#N/A,20,10,12,28,27,1,26,12,14
2014,Trachymene,ornata,John_Dwyer_and Todd_Erickson,Kings_Park,chambers,maternal_environment,cool,after_ripening_environment,warm,mircosite_environment,shade,#N/A,#N/A,#N/A,20,10,12,28,24,0,24,6,18
2014,Trachymene,ornata,John_Dwyer_and Todd_Erickson,Kings_Park,chambers,maternal_environment,cool,after_ripening_environment,warm,mircosite_environment,shade,#N/A,#N/A,#N/A,20,10,12,28,27,1,26,8,18
2014,Trachymene,ornata,John_Dwyer_and Todd_Erickson,Kings_Park,chambers,maternal_environment,cool,after_ripening_environment,warm,mircosite_environment,sun,#N/A,#N/A,#N/A,20,10,12,28,24,1,23,5,18
2014,Trachymene,ornata,John_Dwyer_and Todd_Erickson,Kings_Park,chambers,maternal_environment,cool,after_ripening_environment,warm,mircosite_environment,sun,#N/A,#N/A,#N/A,20,10,12,28,26,1,25,4,21
2014,Trachymene,ornata,John_Dwyer_and Todd_Erickson,Kings_Park,chambers,maternal_environment,cool,after_ripening_environment,warm,mircosite_environment,sun,#N/A,#N/A,#N/A,20,10,12,28,25,2,23,6,17
2014,Trachymene,ornata,John_Dwyer_and Todd_Erickson,Kings_Park,chambers,maternal_environment,cool,after_ripening_environment,warm,mircosite_environment,sun,#N/A,#N/A,#N/A,20,10,12,28,25,1,24,8,16
2014,Trachymene,ornata,John_Dwyer_and Todd_Erickson,Kings_Park,chambers,maternal_environment,warm,after_ripening_environment,cool,mircosite_environment,shade,#N/A,#N/A,#N/A,20,10,12,28,24,2,22,18,4
2014,Trachymene,ornata,John_Dwyer_and Todd_Erickson,Kings_Park,chambers,maternal_environment,warm,after_ripening_environment,cool,mircosite_environment,shade,#N/A,#N/A,#N/A,20,10,12,28,26,5,21,16,5
2014,Trachymene,ornata,John_Dwyer_and Todd_Erickson,Kings_Park,chambers,maternal_environment,warm,after_ripening_environment,cool,mircosite_environment,shade,#N/A,#N/A,#N/A,20,10,12,28,21,1,20,2,18
2014,Trachymene,ornata,John_Dwyer_and Todd_Erickson,Kings_Park,chambers,maternal_environment,warm,after_ripening_environment,cool,mircosite_environment,shade,#N/A,#N/A,#N/A,20,10,12,28,29,2,27,5,22
2014,Trachymene,ornata,John_Dwyer_and Todd_Erickson,Kings_Park,chambers,maternal_environment,warm,after_ripening_environment,cool,mircosite_environment,sun,#N/A,#N/A,#N/A,20,10,12,28,25,7,18,15,3
2014,Trachymene,ornata,John_Dwyer_and Todd_Erickson,Kings_Park,chambers,maternal_environment,warm,after_ripening_environment,cool,mircosite_environment,sun,#N/A,#N/A,#N/A,20,10,12,28,27,6,21,17,4
2014,Trachymene,ornata,John_Dwyer_and Todd_Erickson,Kings_Park,chambers,maternal_environment,warm,after_ripening_environment,cool,mircosite_environment,sun,#N/A,#N/A,#N/A,20,10,12,28,25,5,20,19,1
2014,Trachymene,ornata,John_Dwyer_and Todd_Erickson,Kings_Park,chambers,maternal_environment,warm,after_ripening_environment,cool,mircosite_environment,sun,#N/A,#N/A,#N/A,20,10,12,28,25,7,18,17,1
2014,Trachymene,ornata,John_Dwyer_and Todd_Erickson,Kings_Park,chambers,maternal_environment,warm,after_ripening_environment,warm,mircosite_environment,shade,#N/A,#N/A,#N/A,20,10,12,28,20,5,15,13,2
2014,Trachymene,ornata,John_Dwyer_and Todd_Erickson,Kings_Park,chambers,maternal_environment,warm,after_ripening_environment,warm,mircosite_environment,shade,#N/A,#N/A,#N/A,20,10,12,28,30,13,17,7,10
2014,Trachymene,ornata,John_Dwyer_and Todd_Erickson,Kings_Park,chambers,maternal_environment,warm,after_ripening_environment,warm,mircosite_environment,shade,#N/A,#N/A,#N/A,20,10,12,28,23,3,20,16,4
2014,Trachymene,ornata,John_Dwyer_and Todd_Erickson,Kings_Park,chambers,maternal_environment,warm,after_ripening_environment,warm,mircosite_environment,shade,#N/A,#N/A,#N/A,20,10,12,28,25,4,21,18,3
2014,Trachymene,ornata,John_Dwyer_and Todd_Erickson,Kings_Park,chambers,maternal_environment,warm,after_ripening_environment,warm,mircosite_environment,sun,#N/A,#N/A,#N/A,20,10,12,28,22,9,13,12,1
2014,Trachymene,ornata,John_Dwyer_and Todd_Erickson,Kings_Park,chambers,maternal_environment,warm,after_ripening_environment,warm,mircosite_environment,sun,#N/A,#N/A,#N/A,20,10,12,28,28,5,23,19,4
2014,Trachymene,ornata,John_Dwyer_and Todd_Erickson,Kings_Park,chambers,maternal_environment,warm,after_ripening_environment,warm,mircosite_environment,sun,#N/A,#N/A,#N/A,20,10,12,28,17,4,13,12,1
2014,Waitzia,acuminata,John_Dwyer_and Todd_Erickson,Kings_Park,chambers,maternal_environment,cool,after_ripening_environment,cool,mircosite_environment,shade,#N/A,#N/A,#N/A,15,5,12,28,19,4,15,2,13
2014,Waitzia,acuminata,John_Dwyer_and Todd_Erickson,Kings_Park,chambers,maternal_environment,cool,after_ripening_environment,cool,mircosite_environment,shade,#N/A,#N/A,#N/A,15,5,12,28,22,5,17,1,16
2014,Waitzia,acuminata,John_Dwyer_and Todd_Erickson,Kings_Park,chambers,maternal_environment,cool,after_ripening_environment,cool,mircosite_environment,shade,#N/A,#N/A,#N/A,15,5,12,28,12,5,7,0,7
2014,Waitzia,acuminata,John_Dwyer_and Todd_Erickson,Kings_Park,chambers,maternal_environment,cool,after_ripening_environment,cool,mircosite_environment,sun,#N/A,#N/A,#N/A,15,5,12,28,26,0,26,0,26
2014,Waitzia,acuminata,John_Dwyer_and Todd_Erickson,Kings_Park,chambers,maternal_environment,cool,after_ripening_environment,cool,mircosite_environment,sun,#N/A,#N/A,#N/A,15,5,12,28,19,0,19,0,19
2014,Waitzia,acuminata,John_Dwyer_and Todd_Erickson,Kings_Park,chambers,maternal_environment,cool,after_ripening_environment,warm,mircosite_environment,shade,#N/A,#N/A,#N/A,15,5,12,28,17,4,13,0,13
2014,Waitzia,acuminata,John_Dwyer_and Todd_Erickson,Kings_Park,chambers,maternal_environment,cool,after_ripening_environment,warm,mircosite_environment,shade,#N/A,#N/A,#N/A,15,5,12,28,23,5,18,0,18
2014,Waitzia,acuminata,John_Dwyer_and Todd_Erickson,Kings_Park,chambers,maternal_environment,cool,after_ripening_environment,warm,mircosite_environment,shade,#N/A,#N/A,#N/A,15,5,12,28,31,6,25,0,25
2014,Waitzia,acuminata,John_Dwyer_and Todd_Erickson,Kings_Park,chambers,maternal_environment,cool,after_ripening_environment,warm,mircosite_environment,sun,#N/A,#N/A,#N/A,15,5,12,28,15,1,14,0,14
2014,Waitzia,acuminata,John_Dwyer_and Todd_Erickson,Kings_Park,chambers,maternal_environment,cool,after_ripening_environment,warm,mircosite_environment,sun,#N/A,#N/A,#N/A,15,5,12,28,17,6,11,2,9
2014,Waitzia,acuminata,John_Dwyer_and Todd_Erickson,Kings_Park,chambers,maternal_environment,cool,after_ripening_environment,warm,mircosite_environment,sun,#N/A,#N/A,#N/A,15,5,12,28,14,4,10,0,10
2014,Waitzia,acuminata,John_Dwyer_and Todd_Erickson,Kings_Park,chambers,maternal_environment,cool,after_ripening_environment,warm,mircosite_environment,sun,#N/A,#N/A,#N/A,15,5,12,28,17,5,12,0,12
2014,Waitzia,acuminata,John_Dwyer_and Todd_Erickson,Kings_Park,chambers,maternal_environment,cool,after_ripening_environment,cool,mircosite_environment,shade,#N/A,#N/A,#N/A,20,10,12,28,16,3,13,0,13
2014,Waitzia,acuminata,John_Dwyer_and Todd_Erickson,Kings_Park,chambers,maternal_environment,cool,after_ripening_environment,cool,mircosite_environment,shade,#N/A,#N/A,#N/A,20,10,12,28,26,11,15,1,14
2014,Waitzia,acuminata,John_Dwyer_and Todd_Erickson,Kings_Park,chambers,maternal_environment,cool,after_ripening_environment,cool,mircosite_environment,shade,#N/A,#N/A,#N/A,20,10,12,28,13,4,9,0,9
2014,Waitzia,acuminata,John_Dwyer_and Todd_Erickson,Kings_Park,chambers,maternal_environment,cool,after_ripening_environment,cool,mircosite_environment,sun,#N/A,#N/A,#N/A,20,10,12,28,26,1,25,0,25
2014,Waitzia,acuminata,John_Dwyer_and Todd_Erickson,Kings_Park,chambers,maternal_environment,cool,after_ripening_environment,cool,mircosite_environment,sun,#N/A,#N/A,#N/A,20,10,12,28,19,2,17,0,17
2014,Waitzia,acuminata,John_Dwyer_and Todd_Erickson,Kings_Park,chambers,maternal_environment,cool,after_ripening_environment,warm,mircosite_environment,shade,#N/A,#N/A,#N/A,20,10,12,28,18,7,11,0,11
2014,Waitzia,acuminata,John_Dwyer_and Todd_Erickson,Kings_Park,chambers,maternal_environment,cool,after_ripening_environment,warm,mircosite_environment,shade,#N/A,#N/A,#N/A,20,10,12,28,25,7,18,0,18
2014,Waitzia,acuminata,John_Dwyer_and Todd_Erickson,Kings_Park,chambers,maternal_environment,cool,after_ripening_environment,warm,mircosite_environment,shade,#N/A,#N/A,#N/A,20,10,12,28,27,4,23,0,23
2014,Waitzia,acuminata,John_Dwyer_and Todd_Erickson,Kings_Park,chambers,maternal_environment,cool,after_ripening_environment,warm,mircosite_environment,sun,#N/A,#N/A,#N/A,20,10,12,28,15,4,11,0,11
2014,Waitzia,acuminata,John_Dwyer_and Todd_Erickson,Kings_Park,chambers,maternal_environment,cool,after_ripening_environment,warm,mircosite_environment,sun,#N/A,#N/A,#N/A,20,10,12,28,18,4,14,1,13
2014,Waitzia,acuminata,John_Dwyer_and Todd_Erickson,Kings_Park,chambers,maternal_environment,cool,after_ripening_environment,warm,mircosite_environment,sun,#N/A,#N/A,#N/A,20,10,12,28,15,8,7,0,7
2014,Waitzia,acuminata,John_Dwyer_and Todd_Erickson,Kings_Park,chambers,maternal_environment,cool,after_ripening_environment,warm,mircosite_environment,sun,#N/A,#N/A,#N/A,20,10,12,28,17,9,8,0,8
